Property Address,Competitors Deals Tracking,,,,,,,,Buyers Live Tracking,,,,,,,,,,,,,,,,,,,
,Date Sent,COE / H&B,Days COE,Aking Price,ARV,Sent By,Source Entity,Source Owner,APN,Transaction Date,Transaction,Buyer Entity 1,Buyer Name 1,Buyer Entity 2,Buyer Name 2,,,,,,,,,,,,,
"1640 Divinity St, Las Vegas, NV 89142",2026-06-25 00:00:00,2026-06-19 00:00:00,7.0,242000.0,350000.0,Eyal,We Buy Any Vegas House,Casey,161-03-218-015,2026-06-26 00:00:00,200000.0,ALCHEMY INVESTMENTS LLC,CASEY RYAN,,,,,,,,,,,,,,,
"10299 Evening Primrose Ave, Las Vegas, NV 89135",2026-06-25 00:00:00,,,839000.0,1300000.0,Eyal,We Buy Any Vegas House,Casey,164-13-612-005,2026-07-14 00:00:00,700000.0,,"HEICHEL, WILLIAM D",,,,,,,,,,,,,,,
"4500 W Lake Mead Blvd #102, Las Vegas, NV 89108",2026-06-25 00:00:00,2026-06-26 00:00:00,60.0,109000.0,180000.0,Eyal,We Buy Any Vegas House,Casey,139-19-214-053,2026-08-25 00:00:00,120500.0,FLIP SIDE PROPERTIES LLC,,,,,,,,,,,,,,,,
"4417 Cool Valley Dr, Las Vegas, NV 89110",2026-06-26 00:00:00,2026-07-08 00:00:00,0.0,170000.0,-,Eyal,The Property Depot,Alex,140-29-411-081,2026-07-08 00:00:00,150000.0,SCARF LLC,PABLO COVARRUBIAS,,"KOW, HENRY",,,,,,,,,,,,,
"4659 Monterey Cir Unit 1, Las Vegas, NV 89169",2026-06-30 00:00:00,2026-07-01 00:00:00,86,109000.0,185000.0,Eyal,We Buy Any Vegas House,Casey,162-21-714-041,,,,,,,,,,,,,,,,,,,
"1812 Santa Paula Dr, Las Vegas, NV 89104",2026-06-30 00:00:00,2026-07-09 00:00:00,1.0,235000.0,399000.0,Eyal,Hubbs Homes,Tyler,162-03-312-014,2026-07-10 00:00:00,213500.0,BIG RED LLC,THOMAS B REYNOLDS,,,,,,,,,,,,,,,
"3111 Bel Air Dr Unit 4F, Las Vegas, NV 89109",2026-06-30 00:00:00,2026-06-26 00:00:00,4.0,335000.0,500000.0,Eyal,Hubbs Homes,Tyler,162-10-812-032,2026-06-30 00:00:00,300000.0,HUBBSELEVATION LLC,,,,,,,,,,,,,,,,
"2133 Willowbury Dr Unit A, Las Vegas, NV 89108",2026-06-30 00:00:00,2026-06-29 00:00:00,9.0,185000.0,245000.0,Eyal,Hubbs Homes,Tyler,138-23-210-057,2026-07-08 00:00:00,180000.0,HUBBSELEVATION LLC,TYLER HUBBS,,,,,,,,,,,,,,,
"7450 S Eastern Ave #1122, Las Vegas, NV 89123",2026-06-30 00:00:00,2026-08-21 00:00:00,35,250000.0,-,Eyal,Vegas Home Buyers LLC,Noah Herrera,177-12-113-058,,,,,,,,,,,,,,,,,,,
"543 Chandler St, Henderson, NV 89014",2026-07-01 00:00:00,2026-07-02 00:00:00,47.0,268000.0,380000.0,Eyal,We Buy Any Vegas House,Casey,178-04-712-081,2026-08-18 00:00:00,255000.0,ALCHEMY INVESTMENTS LLC,,,,,,,,,,,,,,,,
"501 Lacy Ln, Las Vegas, NV 89107",2026-07-02 00:00:00,2026-07-31 00:00:00,24.0,655000.0,1000000.0,Eyal,Plot Property Group,Vlad,139-32-310-001,2026-08-24 00:00:00,570000.0,BETTER ASSETS INC,,,,,,,,,,,,,,,,
"8909 Pesaro Dr, Las Vegas NV 89117",2026-07-08 00:00:00,2026-07-09 00:00:00,32.0,432000.0,630000.0,Eyal,We Buy Any Vegas House,Casey,163-05-314-002,2026-08-10 00:00:00,400000.0,BETTER ASSETS INC,,,,,,,,,,,,,,,,
"2965 Calle Grande, Las Vegas, NV 89120",2026-07-09 00:00:00,2026-07-22 00:00:00,65,215000.0,-,Eyal,The Property Depot,Alex,162-25-111-126,,,,,,,,,,,,,,,,,,,
