Property Address,Buyer LLC / Entity,Person (Verified Decision Maker),Role / Status,Phone 1 (Owner Primary Mobile),Phone 2 (Owner Alt Mobile),Phone 3 (Active Partner / Office),Phone 4 (Relative / Co-Buyer),Phone 5 (Tenant / Current Resident),Phone 6 (Previous Seller / Other),Owner Emails,Other Emails,Nevada SOS / Corporate Filing Link,Clark County Assessor Parcel Link,Verified Web Search & Business Link
"1640 Divinity St, Las Vegas, NV 89142",ALCHEMY INVESTMENTS LLC,CASEY RYAN,Active Managing Member,(725) 227-5761,(702) 824-7270,"(702) 331-1879 (Kevin Lang - Partner), (760) 952-2234 (Kevin Lang - Partner)",,,,"casey@webuyanyvegashouse.com, kevin.lang@swgas.com",,https://esos.nv.gov/EntitySearch/OnlineEntitySearch?q=ALCHEMY%20INVESTMENTS%20LLC,https://maps.clarkcountynv.gov/assessor/AssessorParcelDetail/parcel.aspx?apn=16103218015,https://www.bbb.org/us/nv/las-vegas/profile/real-estate-investing/alchemy-investments-llc-1086-90035041 | https://www.zillow.com/profile/caseyryanlasvegas | https://webuyanyvegashouse.com
"10299 Evening Primrose Ave, Las Vegas, NV 89135",Individual,"HEICHEL, WILLIAM D",Individual Buyer,(702) 804-9796,(831) 426-2674,,"(702) 804-9796 (Linda L Heichel - Relative), (831) 426-2674 (Linda L Heichel - Relative)",,,"wheichel@msn.com, wmheichel@aol.com, stel1a@aol.com, llheichel@aol.com, eiilan@aol.com",,N/A (Individual Buyer Deed),https://maps.clarkcountynv.gov/assessor/AssessorParcelDetail/parcel.aspx?apn=16413612005,https://www.google.com/search?q=%22HEICHEL%2C%20WILLIAM%20D%22%20%22Las%20Vegas%22%20real%20estate
"4500 W Lake Mead Blvd #102, Las Vegas, NV 89108",FLIP SIDE PROPERTIES LLC,DOUG CHRISTENSEN,Active Managing Member,,,(702) 247-2477 (Office),,"(702) 631-1272 (Mary L Wheeler - Tenant/Res), (702) 631-1272 (Larry J Stanger - Tenant/Res), (586) 443-3858 (Larry J Stanger - Tenant/Res)",,doug@247companiesnow.com,"mary.wheeler@qwest.net, lstanger@invergroveheights.org, larrystanger@netzero.net, larrystanger@gmail.com",https://esos.nv.gov/EntitySearch/OnlineEntitySearch?q=FLIP%20SIDE%20PROPERTIES%20LLC,https://maps.clarkcountynv.gov/assessor/AssessorParcelDetail/parcel.aspx?apn=13919214053,https://247companiesnow.com | https://opencorporates.com/companies/us_nv/E0213562017-4 | https://www.bbb.org/us/nv/las-vegas/profile/real-estate-investing/flip-side-properties-llc-1086-90087612
"4417 Cool Valley Dr, Las Vegas, NV 89110",SCARF LLC,HENRY KOW,Active Managing Member,(630) 303-3530,,(702) 437-1910 (Pablo Covarrubias - Partner),,"(401) 782-7092 (Sterling L Phillips - Tenant/Res), (702) 437-1910 (Maliyah N Phillips - Tenant/Res)",,henry02kow@gmail.com,"sterlp07@icloud.com, sterlp2001@gmail.com, sterlp07@gmail.com",https://esos.nv.gov/EntitySearch/OnlineEntitySearch?q=SCARF%20LLC,https://maps.clarkcountynv.gov/assessor/AssessorParcelDetail/parcel.aspx?apn=14029411081,https://opencorporates.com/companies/us_nv/E0213562017-4 | https://sfranalytics.com/entity/scarf-llc-series-1
"4659 Monterey Cir Unit 1, Las Vegas, NV 89169",Individual,Unknown Buyer,Unassigned,,,,,,,,,https://esos.nv.gov/EntitySearch/OnlineEntitySearch,https://maps.clarkcountynv.gov/assessor/AssessorParcelDetail/parcel.aspx?apn=16221714041,https://www.clarkcountynv.gov/government/assessor/
"1812 Santa Paula Dr, Las Vegas, NV 89104",BIG RED LLC,THOMAS B REYNOLDS,Active Managing Member,,,,,,,,,https://esos.nv.gov/EntitySearch/OnlineEntitySearch?q=BIG%20RED%20LLC,https://maps.clarkcountynv.gov/assessor/AssessorParcelDetail/parcel.aspx?apn=16203312014,https://www.google.com/search?q=%22THOMAS%20B%20REYNOLDS%22%20%22Las%20Vegas%22%20real%20estate
"3111 Bel Air Dr Unit 4F, Las Vegas, NV 89109",HUBBSELEVATION LLC,TYLER HUBBS,Active Managing Member,(702) 769-6744,,,,"(702) 649-2143 (Sibelys Sanchez - Tenant/Res), (702) 649-2143 (Terry R Kilfian - Tenant/Res), (937) 622-1119 (Terry R Kilfian - Tenant/Res), (702) 487-0618 (Ricardo Sanchez - Tenant/Res), (702) 628-3559 (Ricardo Sanchez - Tenant/Res)",,tyler@hubbshomes.com,"sibelys1@yahoo.com, liltkilfian@gmail.com, richie797rich@gmail.com",https://esos.nv.gov/EntitySearch/OnlineEntitySearch?q=HUBBSELEVATION%20LLC,https://maps.clarkcountynv.gov/assessor/AssessorParcelDetail/parcel.aspx?apn=16210812032,https://hubbshomes.com | https://www.realtor.com/realestateagents/tyler-hubbs | https://opencorporates.com/companies/us_nv/E0604102020-0
"2133 Willowbury Dr Unit A, Las Vegas, NV 89108",HUBBSELEVATION LLC,TYLER HUBBS,Active Managing Member,(702) 769-6744,,,,"(757) 660-3261 (Samuel L Hayes - Tenant/Res), (702) 809-9676 (Samuel L Hayes - Tenant/Res), (928) 605-1653 (Samuel L Hayes - Tenant/Res)",,tyler@hubbshomes.com,"s.l.hayes@outlook.com, thammy1120@gmail.com, samuelhayes1963@gmail.com",https://esos.nv.gov/EntitySearch/OnlineEntitySearch?q=HUBBSELEVATION%20LLC,https://maps.clarkcountynv.gov/assessor/AssessorParcelDetail/parcel.aspx?apn=13823210057,https://hubbshomes.com | https://www.realtor.com/realestateagents/tyler-hubbs | https://opencorporates.com/companies/us_nv/E0604102020-0
"7450 S Eastern Ave #1122, Las Vegas, NV 89123",Individual,Unknown Buyer,Unassigned,,,,,"(702) 759-6984 (Nicole L Cabrera-heiring - Tenant/Res), (702) 806-5950 (Nicole L Cabrera-heiring - Tenant/Res), (702) 488-3741 (Candace C Lasley - Tenant/Res)",,,"nicole_cabrera23@yahoo.com, redshanan@gmail.com, melamom18@aol.com, clasleypn@aol.com",https://esos.nv.gov/EntitySearch/OnlineEntitySearch,https://maps.clarkcountynv.gov/assessor/AssessorParcelDetail/parcel.aspx?apn=17712113058,https://www.clarkcountynv.gov/government/assessor/
"543 Chandler St, Henderson, NV 89014",ALCHEMY INVESTMENTS LLC,CASEY RYAN,Active Managing Member,(725) 227-5761,(702) 824-7270,"(702) 331-1879 (Kevin Lang - Partner), (760) 952-2234 (Kevin Lang - Partner)",,,,,"casey@webuyanyvegashouse.com, kevin.lang@swgas.com",https://esos.nv.gov/EntitySearch/OnlineEntitySearch?q=ALCHEMY%20INVESTMENTS%20LLC,https://maps.clarkcountynv.gov/assessor/AssessorParcelDetail/parcel.aspx?apn=17804712081,https://www.bbb.org/us/nv/las-vegas/profile/real-estate-investing/alchemy-investments-llc-1086-90035041 | https://www.zillow.com/profile/caseyryanlasvegas | https://webuyanyvegashouse.com
"501 Lacy Ln, Las Vegas, NV 89107",BETTER ASSETS INC,RYOKO V TANAKA,Active President / Officer,(702) 843-3516,(702) 815-9681,,,,,"rom@betterassetsinc.com, james@betterassetsinc.com",,https://esos.nv.gov/EntitySearch/OnlineEntitySearch?q=BETTER%20ASSETS%20INC,https://maps.clarkcountynv.gov/assessor/AssessorParcelDetail/parcel.aspx?apn=13932310001,https://betterassetsinc.com | https://opencorporates.com/companies/us_nv/C27192-2007
"8909 Pesaro Dr, Las Vegas NV 89117",BETTER ASSETS INC,RYOKO V TANAKA,Active President / Officer,(530) 510-2327,(530) 510-2606,"(702) 843-3516 (Office), (702) 680-9672 (Office)","(702) 463-9206 (Jun R Tanaka), (702) 241-2901 (Jun R Tanaka)",,,,"ryokovtanaka@gmail.com, ryokotanakadgf@outlook.com, rmplusone@gmail.com, patbass182@gmail.com, superevil18@yahoo.com",https://esos.nv.gov/EntitySearch/OnlineEntitySearch?q=BETTER%20ASSETS%20INC,https://maps.clarkcountynv.gov/assessor/AssessorParcelDetail/parcel.aspx?apn=16305314002,https://betterassetsinc.com | https://opencorporates.com/companies/us_nv/C27192-2007
"2965 Calle Grande, Las Vegas, NV 89120",BETTER ASSETS INC,RYOKO V TANAKA,Active President / Officer,(530) 510-2327,(530) 510-2606,"(702) 843-3516 (Office), (702) 680-9672 (Office)","(702) 463-9206 (Jun R Tanaka), (702) 241-2901 (Jun R Tanaka)",,,,"ryokovtanaka@gmail.com, ryokotanakadgf@outlook.com, rmplusone@gmail.com, patbass182@gmail.com, superevil18@yahoo.com",https://esos.nv.gov/EntitySearch/OnlineEntitySearch?q=BETTER%20ASSETS%20INC,https://maps.clarkcountynv.gov/assessor/AssessorParcelDetail/parcel.aspx?apn=16225111126,https://betterassetsinc.com | https://opencorporates.com/companies/us_nv/C27192-2007
"3504 Trilogy Dr, Las Vegas, NV 89108",Individual,Unknown Buyer,Unassigned,,,,,"(702) 203-4374 (Susan L White - Tenant/Res), (702) 203-4374 (Ryan C White - Tenant/Res)",,,"susanvanbenthuysen@yahoo.com, ryancwhite10@gmail.com, sueleevan@hotmail.com",https://esos.nv.gov/EntitySearch/OnlineEntitySearch,https://maps.clarkcountynv.gov/assessor/AssessorParcelDetail/parcel.aspx?apn=13812314014,https://www.clarkcountynv.gov/government/assessor/
"7561 Lorinda Ave, Las Vegas, NV 89128",MOVE MADE SIMPLE LLC,IMELDA PROBST,Active Managing Member,,,(702) 604-4595 (Office),Toni Yvette Burrell (Co-Buyer),,,,,https://esos.nv.gov/EntitySearch/OnlineEntitySearch?q=MOVE%20MADE%20SIMPLE%20LLC,https://maps.clarkcountynv.gov/assessor/AssessorParcelDetail/parcel.aspx?apn=13822110038,https://www.homes.com/real-estate-agents/imelda-probst/ | https://opencorporates.com/companies/us_nv/E0367372018-0
"370 Rushing Creek Ct, Henderson, NV 89014",PLOT PROPERTY GROUP LLC,VLADIMIR PLOTNIKOV,Active Managing Member,(702) 496-0736,(702) 580-3175,,"(702) 695-9273 (Victor Plotnikov - Relative), (702) 580-3175 (Ioulia Plotnikova - Relative)","(702) 202-6715 (Angela M Gramke - Tenant/Res), (725) 666-5226 (Angela M Gramke - Tenant/Res), (702) 239-1247 (Angela M Gramke - Tenant/Res)",,"plotnikov74@netzero.net, plotnikov@cs.com","victorplot8@gmail.com, victor.plot.8@icloud.com, cindygramke@outlook.com",https://esos.nv.gov/EntitySearch/OnlineEntitySearch?q=PLOT%20PROPERTY%20GROUP%20LLC,https://maps.clarkcountynv.gov/assessor/AssessorParcelDetail/parcel.aspx?apn=17808513049,https://www.bbb.org/us/nv/las-vegas/profile/real-estate-investing/plot-property-group-llc-1086-90089852 | https://opencorporates.com/companies/us_nv/E0038872017-9
"4233 Glass Lantern Dr, Las Vegas NV 89032",YESDCT LLC,GLORIA DIAZ DE CASTANEDA,Active Managing Member,,,,,"(702) 580-3175 (Alexandre P Plotnikov - Tenant/Res), (702) 496-0736 (Vladimir Plotnikov - Tenant/Res), (702) 695-9273 (Victor Plotnikov - Tenant/Res), (702) 202-6715 (Angela M Gramke - Tenant/Res)",,,"plotnikov74@netzero.net, victorplot8@gmail.com, cindygramke@outlook.com",https://esos.nv.gov/EntitySearch/OnlineEntitySearch?q=YESDCT%20LLC,https://maps.clarkcountynv.gov/assessor/AssessorParcelDetail/parcel.aspx?apn=13905710031,https://opencorporates.com/companies/us_nv/E0642432019-3
"2333 Cardiff Ln Unit C, Las Vegas NV 89108",ALCHEMY INVESTMENTS LLC,CASEY RYAN,Active Managing Member,(725) 227-5761,(702) 824-7270,"(702) 331-1879 (Kevin Lang - Partner), (760) 952-2234 (Kevin Lang - Partner)",,,,,"casey@webuyanyvegashouse.com, kevin.lang@swgas.com",https://esos.nv.gov/EntitySearch/OnlineEntitySearch?q=ALCHEMY%20INVESTMENTS%20LLC,https://maps.clarkcountynv.gov/assessor/AssessorParcelDetail/parcel.aspx?apn=13824111023,https://www.bbb.org/us/nv/las-vegas/profile/real-estate-investing/alchemy-investments-llc-1086-90035041 | https://www.zillow.com/profile/caseyryanlasvegas | https://webuyanyvegashouse.com
"3939 Meadowglen Dr, Las Vegas, NV 89121",ELO EQUITY GROUP LLC,NICHOLAS ELO,Active Managing Member,,,,,"(702) 564-3762 (Antoinette C Ortiz - Tenant/Res), (702) 750-5964 (Antoinette C Ortiz - Tenant/Res)",,,antbrewer031613@gmail.com,https://esos.nv.gov/EntitySearch/OnlineEntitySearch?q=ELO%20EQUITY%20GROUP%20LLC,https://maps.clarkcountynv.gov/assessor/AssessorParcelDetail/parcel.aspx?apn=16119510015,https://opencorporates.com/companies/us_nv/E0259832020-5
"208 Lorenzi St, Las Vegas, NV 89107",Individual,"ROSALES, RAUL",Individual Buyer,(702) 431-8073,(702) 436-5959,(702) 972-9202,"(702) 445-5170, Francisco J Hernandez Mateo (Co-Buyer)",,,,,N/A (Individual Buyer Deed),https://maps.clarkcountynv.gov/assessor/AssessorParcelDetail/parcel.aspx?apn=13834522020,https://www.google.com/search?q=%22ROSALES%2C%20RAUL%22%20%22Las%20Vegas%22%20real%20estate
"1012 Cadiz Ave, Henderson, NV 89015",BETTER ASSETS INC,RYOKO V TANAKA,Active President / Officer,(702) 843-3516,(702) 815-9681,,,,,"(702) 580-4762 (Connie F Mcclelland - Tenant/Res), (775) 309-0511 (Connie F Mcclelland - Tenant/Res), (865) 458-8982 (Dennis C Davis - Tenant/Res), (775) 392-2168 (Dennis C Davis - Tenant/Res)",,https://esos.nv.gov/EntitySearch/OnlineEntitySearch?q=BETTER%20ASSETS%20INC,https://maps.clarkcountynv.gov/assessor/AssessorParcelDetail/parcel.aspx?apn=17904507009,https://betterassetsinc.com | https://opencorporates.com/companies/us_nv/C27192-2007
"3972 Maple Hill Rd, Las Vegas, NV 89115",Individual,Unknown Buyer,Unassigned,,,,,,,,,https://esos.nv.gov/EntitySearch/OnlineEntitySearch,https://maps.clarkcountynv.gov/assessor/AssessorParcelDetail/parcel.aspx?apn=14006712006,https://www.clarkcountynv.gov/government/assessor/
"4506 Palencia Ave, Las Vegas, NV 89121",Individual,"ENGS, STUART R JR EE",Individual Buyer,,,,,,,,,N/A (Individual Buyer Deed),https://maps.clarkcountynv.gov/assessor/AssessorParcelDetail/parcel.aspx?apn=16120114023,https://www.google.com/search?q=%22ENGS%2C%20STUART%20R%20JR%20EE%22%20%22Las%20Vegas%22%20real%20estate
"2210 E Desert Inn Rd, Winchester, NV 89169",REAL ESTATE ROCK LV LLC,KARLA CARDENAS,Active Managing Member,,,,,"(702) 466-4403 (Joyce J Addabbo - Tenant/Res), (857) 492-5817 (Kevin S Burke - Tenant/Res)",,,"joyaadd@aol.com, s5queek2y@aol.com, jaddabbo@ccsd.net, kevinb163@gmail.com",https://esos.nv.gov/EntitySearch/OnlineEntitySearch?q=REAL%20ESTATE%20ROCK%20LV%20LLC,https://maps.clarkcountynv.gov/assessor/AssessorParcelDetail/parcel.aspx?apn=16211816025,https://opencorporates.com/companies/us_nv/E10382342020-0
"3869 Rawhide St, Las Vegas, NV 89120",FLIP SIDE PROPERTIES LLC,DOUG CHRISTENSEN,Active Managing Member,,,(702) 247-2477 (Office),,"(702) 263-5764 (Lorraine T Meesenburg - Tenant/Res), (702) 300-3884 (Lorraine T Meesenburg - Tenant/Res), (702) 263-9024 (Lorraine T Meesenburg - Tenant/Res)",,doug@247companiesnow.com,"lorainie@earthlink.net, godeliver@yahoo.com",https://esos.nv.gov/EntitySearch/OnlineEntitySearch?q=FLIP%20SIDE%20PROPERTIES%20LLC,https://maps.clarkcountynv.gov/assessor/AssessorParcelDetail/parcel.aspx?apn=16130801062,https://247companiesnow.com | https://opencorporates.com/companies/us_nv/E0213562017-4 | https://www.bbb.org/us/nv/las-vegas/profile/real-estate-investing/flip-side-properties-llc-1086-90087612
"6700 Snake River Ave, Las Vegas, NV 89130",ESP DESERT HOLDINGS LLC,BRYAN ESPINOSA MIRANDA,Active Managing Member,,,,,"(702) 263-5764 (Lorraine T Meesenburg - Tenant/Res), (702) 300-3884 (Lorraine T Meesenburg - Tenant/Res), (702) 263-9024 (Lorraine T Meesenburg - Tenant/Res)",,,"lorainie@earthlink.net, godeliver@yahoo.com",https://esos.nv.gov/EntitySearch/OnlineEntitySearch?q=ESP%20DESERT%20HOLDINGS%20LLC,https://maps.clarkcountynv.gov/assessor/AssessorParcelDetail/parcel.aspx?apn=12534614026,https://opencorporates.com/companies/us_nv/E0520262020-9
"5022 Long View Dr, Las Vegas, NV 89120",GO GRIZZLIES LLC,LORRAINE T MEESENBURG,Active Managing Member,(702) 263-5764,(702) 300-3884,(702) 263-9024,,,,"lorainie@earthlink.net, godeliver@yahoo.com",,https://esos.nv.gov/EntitySearch/OnlineEntitySearch?q=GO%20GRIZZLIES%20LLC,https://maps.clarkcountynv.gov/assessor/AssessorParcelDetail/parcel.aspx?apn=16130511030,https://opencorporates.com/companies/us_nv/E0265262016-7
"2958 Ferndale St, Las Vegas, NV 89121",Individual,Unknown Buyer,Unassigned,,,,,,,,"kennorris38@gmail.com, knnthnorris@yahoo.com",https://esos.nv.gov/EntitySearch/OnlineEntitySearch,https://maps.clarkcountynv.gov/assessor/AssessorParcelDetail/parcel.aspx?apn=16108310051,https://www.clarkcountynv.gov/government/assessor/
"4309 Mott Circle, Las Vegas, NV 89102",ALPHA INVESTMENT GROUP INC,LYONEL LAMAUTE,Active President / Officer,(702) 277-6207,(702) 878-9315,,,,,"fmelaerts@gmail.com, fmelaerts15@gmail.com, francoismelaerts86@gmail.com",,https://esos.nv.gov/EntitySearch/OnlineEntitySearch?q=ALPHA%20INVESTMENT%20GROUP%20INC,https://maps.clarkcountynv.gov/assessor/AssessorParcelDetail/parcel.aspx?apn=16207610030,https://opencorporates.com/companies/us_nv/C28178-2007
"2579 Diamante Ct, Las Vegas, NV 89121",Individual,Unknown Buyer,Unassigned,,,,,"(702) 732-1281 (Brent A Andrus - Tenant/Res), (702) 586-8290 (Brent A Andrus - Tenant/Res), (702) 327-2042 (Brent A Andrus - Tenant/Res), (702) 732-1281 (Deeanna Andrus - Tenant/Res), (702) 586-8290 (Deeanna Andrus - Tenant/Res), (702) 327-2042 (Deeanna Andrus - Tenant/Res)",,,"sa_andrus@yahoo.com, parrotperc@aol.com",https://esos.nv.gov/EntitySearch/OnlineEntitySearch,https://maps.clarkcountynv.gov/assessor/AssessorParcelDetail/parcel.aspx?apn=16224115008,https://www.clarkcountynv.gov/government/assessor/
"600 S 11th St, Las Vegas, NV 89101",Individual,Unknown Buyer,Unassigned,,,,,,,,,https://esos.nv.gov/EntitySearch/OnlineEntitySearch,https://maps.clarkcountynv.gov/assessor/AssessorParcelDetail/parcel.aspx?apn=13934811015,https://www.clarkcountynv.gov/government/assessor/
"220 N Ronald Ln, Las Vegas, NV 89110",SCARF LLC,HENRY KOW,Active Managing Member,(630) 303-3530,,(702) 437-1910 (Pablo Covarrubias - Partner),,,,henry02kow@gmail.com,,https://esos.nv.gov/EntitySearch/OnlineEntitySearch?q=SCARF%20LLC,https://maps.clarkcountynv.gov/assessor/AssessorParcelDetail/parcel.aspx?apn=14031711026,https://opencorporates.com/companies/us_nv/E0213562017-4 | https://sfranalytics.com/entity/scarf-llc-series-1
"6316 Monarch Creek St, Las Vegas NV 89130",Individual,"FU, ZAO",Individual Buyer,,,,"WANG, MENG (Co-Buyer)",,,,"jerryhaught369@gmail.com, nicholasab4747@gmail.com, redrosterfox47@gmail.com, rosterfox04@gmail.com",N/A (Individual Buyer Deed),https://maps.clarkcountynv.gov/assessor/AssessorParcelDetail/parcel.aspx?apn=12525511017,https://www.google.com/search?q=%22FU%2C%20ZAO%22%20%22Las%20Vegas%22%20real%20estate
"1400 Palantine Hill Dr, Las Vegas, NV 89117",Individual,Unknown Buyer,Unassigned,,,,,"(914) 909-4096 (Brad J Ellish Jr. - Tenant/Res), (914) 703-1302 (Brad J Ellish Jr. - Tenant/Res), (845) 357-9112 (Brad J Ellish Jr. - Tenant/Res), (845) 507-0361 (Max Ellish - Tenant/Res), (917) 596-1975 (Rebecca C Schwartz - Tenant/Res)",,,"bje7@aol.com, ellish.2@osu.edu, ellishwills@gmail.com, maxellish1@gmail.com, rrfs1@aol.com",https://esos.nv.gov/EntitySearch/OnlineEntitySearch,https://maps.clarkcountynv.gov/assessor/AssessorParcelDetail/parcel.aspx?apn=16306519014,https://www.clarkcountynv.gov/government/assessor/
"4339 Gibraltar Way, Las Vegas, NV 89121",Individual,Unknown Buyer,Unassigned,,,,,"(909) 913-2787 (Roman G Ramirez - Tenant/Res), (702) 416-0958 (Roman G Ramirez - Tenant/Res), (702) 587-0372 (Amelia E Garcia - Tenant/Res), (702) 945-7459 (Amelia E Garcia - Tenant/Res), (702) 628-0345 (Amelia E Garcia - Tenant/Res)",,,"dizzypomona1213@gmail.com, gabrielroman723@yahoo.com, geovaniandjordan@gmail.com, niteowlesl@gmail.com, ramirezroman838@gmail.com",https://esos.nv.gov/EntitySearch/OnlineEntitySearch,https://maps.clarkcountynv.gov/assessor/AssessorParcelDetail/parcel.aspx?apn=16120212014,https://www.clarkcountynv.gov/government/assessor/
"4531 Del Oro Dr, Las Vegas, NV 89102",BETTER ASSETS INC,RYOKO V TANAKA,Active President / Officer,(702) 843-3516,(702) 815-9681,,,,,"(909) 913-2787 (Roman G Ramirez - Tenant/Res), (702) 416-0958 (Roman G Ramirez - Tenant/Res), (702) 587-0372 (Amelia E Garcia - Tenant/Res), (702) 945-7459 (Amelia E Garcia - Tenant/Res), (702) 628-0345 (Amelia E Garcia - Tenant/Res)",,https://esos.nv.gov/EntitySearch/OnlineEntitySearch?q=BETTER%20ASSETS%20INC,https://maps.clarkcountynv.gov/assessor/AssessorParcelDetail/parcel.aspx?apn=16207410102,https://betterassetsinc.com | https://opencorporates.com/companies/us_nv/C27192-2007
"864 Parkhurst St, Las Vegas, NV 89110",TORITO HOMES LLC,ABIGAIL BARAJAS,Active Managing Member,,,,,"(702) 459-8903 (Ronald Hewlett - Tenant/Res), (702) 459-6124 (Ronald Hewlett - Tenant/Res)",,,,https://esos.nv.gov/EntitySearch/OnlineEntitySearch?q=TORITO%20HOMES%20LLC,https://maps.clarkcountynv.gov/assessor/AssessorParcelDetail/parcel.aspx?apn=14030312002,https://opencorporates.com/companies/us_nv/E19330992021-3
"3909 Sequoia Ave, Las Vegas NV 89110",ALCHEMY INVESTMENTS LLC,CASEY RYAN,Active Managing Member,(725) 227-5761,(702) 824-7270,"(702) 331-1879 (Kevin Lang - Partner), (760) 952-2234 (Kevin Lang - Partner)",,"(702) 431-2018 (Denise E Boyd - Tenant/Res), (702) 265-7740 (Denise E Boyd - Tenant/Res), (619) 288-1373 (Laura J Best - Tenant/Res)",,"casey@webuyanyvegashouse.com, kevin.lang@swgas.com","chadc_boyd@yahoo.com, laurabest1974@gmail.com, lauracbest@gmail.com, laurajhaynes1974@gmail.com, vgasdeb@gmail.com, vgasdeb@mail.com",https://esos.nv.gov/EntitySearch/OnlineEntitySearch?q=ALCHEMY%20INVESTMENTS%20LLC,https://maps.clarkcountynv.gov/assessor/AssessorParcelDetail/parcel.aspx?apn=14030112040,https://www.bbb.org/us/nv/las-vegas/profile/real-estate-investing/alchemy-investments-llc-1086-90035041 | https://www.zillow.com/profile/caseyryanlasvegas | https://webuyanyvegashouse.com
"4124 Autumn St, Las Vegas, NV 89120",GO GRIZZLIES LLC,LORRAINE T MEESENBURG,Active Managing Member,(702) 263-5764,(702) 300-3884,(702) 263-9024,,"(702) 454-7074 (Rosemary A Lowe - Tenant/Res), (702) 434-2018 (Rosemary A Lowe - Tenant/Res), (702) 587-8025 (Rosemary A Lowe - Tenant/Res)",,"lorainie@earthlink.net, godeliver@yahoo.com",mytime_2@yahoo.com,https://esos.nv.gov/EntitySearch/OnlineEntitySearch?q=GO%20GRIZZLIES%20LLC,https://maps.clarkcountynv.gov/assessor/AssessorParcelDetail/parcel.aspx?apn=16130512130,https://opencorporates.com/companies/us_nv/E0265262016-7
"2708 Camphor Tree St, Las Vegas NV 89108",Individual,"ENGS, STUART R JR EE",Individual Buyer,,,,,"(702) 240-5193 (Marion C Barker - Tenant/Res), (702) 557-8474 (Erin N Barker - Tenant/Res), (702) 917-9916 (Erin N Barker - Tenant/Res), (702) 656-1312 (Erin N Barker - Tenant/Res), (702) 472-0553 (Jocelyn Moore - Tenant/Res), (702) 482-4753 (Jocelyn Moore - Tenant/Res)",,,"brooklynmoore606@gmail.com, connie2be@aol.com, jocelyn.moore@gmail.com, vjohncenagurl07z3@hotmail.com",N/A (Individual Buyer Deed),https://maps.clarkcountynv.gov/assessor/AssessorParcelDetail/parcel.aspx?apn=13814310044,https://www.google.com/search?q=%22ENGS%2C%20STUART%20R%20JR%20EE%22%20%22Las%20Vegas%22%20real%20estate
"529 Amethyst, Henderson, NV 89015",BETTER ASSETS INC,RYOKO V TANAKA,Active President / Officer,(702) 843-3516,(702) 815-9681,,,,,"rom@betterassetsinc.com, james@betterassetsinc.com",,https://esos.nv.gov/EntitySearch/OnlineEntitySearch?q=BETTER%20ASSETS%20INC,https://maps.clarkcountynv.gov/assessor/AssessorParcelDetail/parcel.aspx?apn=17920710034,https://betterassetsinc.com | https://opencorporates.com/companies/us_nv/C27192-2007
"6225 Alta Dr, Las Vegas, NV 89107",VANGUARD CREST HOLDINGS LLC,WILLIAM D CULVER,Active Managing Member,,,,,,,,,https://esos.nv.gov/EntitySearch/OnlineEntitySearch?q=VANGUARD%20CREST%20HOLDINGS%20LLC,https://maps.clarkcountynv.gov/assessor/AssessorParcelDetail/parcel.aspx?apn=13835710016,https://www.google.com/search?q=%22WILLIAM%20D%20CULVER%22%20%22Las%20Vegas%22%20real%20estate
"3454 Bankside Dr, Las Vegas, NV 89129",ALPHA INVESTMENT GROUP INC,FRANCOIS J MELAERTS,Active President / Officer,(702) 277-6207,(702) 878-9315,,"(702) 646-7619 (Frank Melaerts - Relative), (702) 810-6156 (Linda B Melaerts - Relative)",,,"fmelaerts@gmail.com, fmelaerts15@gmail.com, francois72286@gmail.com, francoismelaerts86@gmail.com, lindamelaerts@gmail.com",samueltiffany90@yahoo.com,https://esos.nv.gov/EntitySearch/OnlineEntitySearch?q=ALPHA%20INVESTMENT%20GROUP%20INC,https://maps.clarkcountynv.gov/assessor/AssessorParcelDetail/parcel.aspx?apn=13808315045,https://opencorporates.com/companies/us_nv/C28178-2007
"8425 Airmont Ct, Las Vegas, NV 89128",FLIP SIDE PROPERTIES LLC,DOUG CHRISTENSEN,Active Managing Member,,,(702) 247-2477 (Office),,,,doug@247companiesnow.com,,https://esos.nv.gov/EntitySearch/OnlineEntitySearch?q=FLIP%20SIDE%20PROPERTIES%20LLC,https://maps.clarkcountynv.gov/assessor/AssessorParcelDetail/parcel.aspx?apn=13816311021,https://247companiesnow.com | https://opencorporates.com/companies/us_nv/E0213562017-4 | https://www.bbb.org/us/nv/las-vegas/profile/real-estate-investing/flip-side-properties-llc-1086-90087612
"109 N Princeton St, Las Vegas, NV 89107",MONACO PRO KITCHENS LLC,JOSE MADINA QUINTERO,Active Managing Member,,,,KIMBERLY ANN BAEZ (Co-Buyer),,,,,https://esos.nv.gov/EntitySearch/OnlineEntitySearch?q=MONACO%20PRO%20KITCHENS%20LLC,https://maps.clarkcountynv.gov/assessor/AssessorParcelDetail/parcel.aspx?apn=13825812105,https://opencorporates.com/companies/us_nv/E0271702016-8
"9836 Kernville Dr, Las Vegas, NV 89134",CAJIE LLC,JONATHAN JACOBS,Active Managing Member,,,,,,,,,https://esos.nv.gov/EntitySearch/OnlineEntitySearch?q=CAJIE%20LLC,https://maps.clarkcountynv.gov/assessor/AssessorParcelDetail/parcel.aspx?apn=13818416032,https://opencorporates.com/companies/us_nv/E0459802017-8
"1511 Living Desert Dr #B, Las Vegas, NV 89119",OPENDORR PROPERTY TRUST I,Managing Member / Officer,Active Trust / Entity,,,,,,,,,https://esos.nv.gov/EntitySearch/OnlineEntitySearch?q=OPENDORR%20PROPERTY%20TRUST%20I,https://maps.clarkcountynv.gov/assessor/AssessorParcelDetail/parcel.aspx?apn=16223315014,https://www.google.com/search?q=%22Managing%20Member%20/%20Officer%22%20%22Las%20Vegas%22%20real%20estate
"10332 Falls Church Ave, Las Vegas, NV 89144",PLOT PROPERTY GROUP LLC,VLADIMIR PLOTNIKOV,Active Managing Member,(702) 496-0736,(702) 580-3175,,,,,"plotnikov74@netzero.net, plotnikov@cs.com",,https://esos.nv.gov/EntitySearch/OnlineEntitySearch?q=PLOT%20PROPERTY%20GROUP%20LLC,https://maps.clarkcountynv.gov/assessor/AssessorParcelDetail/parcel.aspx?apn=13725519001,https://www.bbb.org/us/nv/las-vegas/profile/real-estate-investing/plot-property-group-llc-1086-90089852 | https://opencorporates.com/companies/us_nv/E0038872017-9
"3725 Covewick Dr, North Las Vegas, NV 89032",Individual,Unknown Buyer,Unassigned,,,,,,,,,https://esos.nv.gov/EntitySearch/OnlineEntitySearch,https://maps.clarkcountynv.gov/assessor/AssessorParcelDetail/parcel.aspx?apn=13909217024,https://www.clarkcountynv.gov/government/assessor/
"5197 Andover Dr, Las Vegas, NV 89122",ALCHEMY INVESTMENTS LLC,CASEY RYAN,Active Managing Member,(725) 227-5761,(702) 824-7270,"(702) 331-1879 (Kevin Lang - Partner), (760) 952-2234 (Kevin Lang - Partner)",,"(661) 240-3182 (Aaron Martinez - Tenant/Res), (818) 456-6688 (Jaclyn A Miyake IV - Tenant/Res), (702) 685-8690 (Jaclyn A Miyake IV - Tenant/Res), (702) 423-1813 (Jaclyn A Miyake IV - Tenant/Res)",,"casey@webuyanyvegashouse.com, kevin.lang@swgas.com","atarahsbiggirl@gmail.com, cruzangirl1@hotmail.com, jonathancasey@gmail.com, mrgroove10101@icloud.com, tiaragirlworld@gmail.com",https://esos.nv.gov/EntitySearch/OnlineEntitySearch?q=ALCHEMY%20INVESTMENTS%20LLC,https://maps.clarkcountynv.gov/assessor/AssessorParcelDetail/parcel.aspx?apn=16128613044,https://www.bbb.org/us/nv/las-vegas/profile/real-estate-investing/alchemy-investments-llc-1086-90035041 | https://www.zillow.com/profile/caseyryanlasvegas | https://webuyanyvegashouse.com
"55 Sirnoble St, Las Vegas, NV 89110",Individual,Unknown Buyer,Unassigned,,,,,"(702) 558-9015 (Juan D Castillo - Tenant/Res), (702) 708-6551 (Juan D Castillo - Tenant/Res), (702) 567-1778 (Josephine M Castillo - Tenant/Res), (951) 704-3794 (Dexter B Barnett - Tenant/Res), (951) 247-3505 (Dexter B Barnett - Tenant/Res)",,,"bdexter3200@gmail.com, david_castillo@hotmail.com, david_castillo@live.com, dbarnett@valleycollege.edu, j0j0marie@yahoo.com, jojocastle230969@gmail.com",https://esos.nv.gov/EntitySearch/OnlineEntitySearch,https://maps.clarkcountynv.gov/assessor/AssessorParcelDetail/parcel.aspx?apn=14033415115,https://www.clarkcountynv.gov/government/assessor/
"322 Redondo St, Henderson, NV 89014",PN II INC REDONDO STREET SERIES OF QUARTER MOON ENTERPRISES LLC,Managing Member / Officer,Active Entity,,,,,,,,,https://esos.nv.gov/EntitySearch/OnlineEntitySearch?q=PN%20II%20INC%20REDONDO%20STREET%20SERIES%20OF%20QUARTER%20MOON%20ENTERPRISES%20LLC,https://maps.clarkcountynv.gov/assessor/AssessorParcelDetail/parcel.aspx?apn=17809216035,https://www.google.com/search?q=%22Managing%20Member%20/%20Officer%22%20%22Las%20Vegas%22%20real%20estate
"160 Lailani St, Las Vegas, NV 89110",LIANA FREY HOLDINGS LLC,JEFFREY EHLERT,Active Managing Member,,,,,"(702) 431-2018 (Denise E Boyd - Tenant/Res), (702) 265-7740 (Denise E Boyd - Tenant/Res)",,,"chadc_boyd@yahoo.com, shyanne.laurie@gmail.com, shyannelaurie@gmail.com, vgasdeb@gmail.com, vgasdeb@mail.com",https://esos.nv.gov/EntitySearch/OnlineEntitySearch?q=LIANA%20FREY%20HOLDINGS%20LLC,https://maps.clarkcountynv.gov/assessor/AssessorParcelDetail/parcel.aspx?apn=14034810019,https://opencorporates.com/companies/us_nv/E0182832018-8
"1413 Pine Leaf Dr, Las Vegas, NV 89144",Individual,Unknown Buyer,Unassigned,,,,,"(702) 431-2018 (Denise E Boyd - Tenant/Res), (702) 265-7740 (Denise E Boyd - Tenant/Res)",,,"chadc_boyd@yahoo.com, shyanne.laurie@gmail.com, shyannelaurie@gmail.com, vgasdeb@gmail.com, vgasdeb@mail.com",https://esos.nv.gov/EntitySearch/OnlineEntitySearch,https://maps.clarkcountynv.gov/assessor/AssessorParcelDetail/parcel.aspx?apn=13726514002,https://www.clarkcountynv.gov/government/assessor/
"2200 E Evans Ave, North Las Vegas, NV 89030",HUBBSELEVATION LLC,TYLER HUBBS,Active Managing Member,(702) 769-6744,,,,"(702) 207-9027 (Tania Real - Tenant/Res), (702) 772-5810 (Tania Real - Tenant/Res)",,tyler@hubbshomes.com,"tania_r_r@live.com, veronica193570@gmail.com",https://esos.nv.gov/EntitySearch/OnlineEntitySearch?q=HUBBSELEVATION%20LLC,https://maps.clarkcountynv.gov/assessor/AssessorParcelDetail/parcel.aspx?apn=13914615019,https://hubbshomes.com | https://www.realtor.com/realestateagents/tyler-hubbs | https://opencorporates.com/companies/us_nv/E0604102020-0
"71 Church St, Henderson, NV 89015",Individual,Unknown Buyer,Unassigned,,,,,"(702) 207-9027 (Tania Real - Tenant/Res), (702) 772-5810 (Tania Real - Tenant/Res)",,,"tania_r_r@live.com, veronica193570@gmail.com",https://esos.nv.gov/EntitySearch/OnlineEntitySearch,https://maps.clarkcountynv.gov/assessor/AssessorParcelDetail/parcel.aspx?apn=17918510022,https://www.clarkcountynv.gov/government/assessor/
"1512 Sapphire Springs Cir, Las Vegas NV 89108",LEGACY HOME INVESTMENTS LLC,CHRISTINE JOHNSON,Active Managing Member,,,,,,,,parasu@juno.com,https://esos.nv.gov/EntitySearch/OnlineEntitySearch?q=LEGACY%20HOME%20INVESTMENTS%20LLC,https://maps.clarkcountynv.gov/assessor/AssessorParcelDetail/parcel.aspx?apn=13826510075,https://opencorporates.com/companies/us_nv/E0195652019-5
"3051 Morning Springs Dr, Henderson, NV 89074",BOB MILLER INVESTMENT PROPERTIES LLC,KENNY MILLER,Active Managing Member,,,,,,,,parasu@juno.com,https://esos.nv.gov/EntitySearch/OnlineEntitySearch?q=BOB%20MILLER%20INVESTMENT%20PROPERTIES%20LLC,https://maps.clarkcountynv.gov/assessor/AssessorParcelDetail/parcel.aspx?apn=17724513038,https://opencorporates.com/companies/us_nv/E0368292015-8
"4507 Cory Pl, Las Vegas, NV 89107",BETTER ASSETS INC,RYOKO V TANAKA,Active President / Officer,(702) 843-3516,(702) 815-9681,,,,,"rom@betterassetsinc.com, james@betterassetsinc.com","missylilshit1961@gmail.com, sandychantal28@gmail.com, sperez9298@yahoo.com",https://esos.nv.gov/EntitySearch/OnlineEntitySearch?q=BETTER%20ASSETS%20INC,https://maps.clarkcountynv.gov/assessor/AssessorParcelDetail/parcel.aspx?apn=13931410072,https://betterassetsinc.com | https://opencorporates.com/companies/us_nv/C27192-2007
"11832 Magliana St, Las Vegas, NV 89183",PLOT PROPERTY GROUP LLC,VLADIMIR PLOTNIKOV,Active Managing Member,(702) 496-0736,(702) 580-3175,,(702) 695-9273 (Victor Plotnikov - Relative),"(702) 353-9561 (Francis J Jendras - Tenant/Res), (702) 685-7395 (Francis J Jendras - Tenant/Res), (702) 376-8228 (John F Jendras - Tenant/Res), (425) 530-3102 (Lauren N Prisbrey - Tenant/Res), (206) 932-1263 (Lauren N Prisbrey - Tenant/Res)",,"plotnikov74@netzero.net, plotnikov@cs.com","fjendras5@gmail.com, jendrasjeffrey@gmail.com, lnftg11@gmail.com, risingren@msn.com, zenn2112@yahoo.com",https://esos.nv.gov/EntitySearch/OnlineEntitySearch?q=PLOT%20PROPERTY%20GROUP%20LLC,https://maps.clarkcountynv.gov/assessor/AssessorParcelDetail/parcel.aspx?apn=19104310091,https://www.bbb.org/us/nv/las-vegas/profile/real-estate-investing/plot-property-group-llc-1086-90089852 | https://opencorporates.com/companies/us_nv/E0038872017-9
"248 Greyhawk, Henderson, NV 89074",Individual,Unknown Buyer,Unassigned,,,,,"(702) 814-2289 (Stanley Eccles - Tenant/Res), (702) 458-6887 (Gordone J Eccles - Tenant/Res), (702) 370-6703 (Gordone J Eccles - Tenant/Res), (702) 437-0769 (Bernd A Schmidt - Tenant/Res), (702) 756-9156 (Leesa Roberts - Tenant/Res)",,,"ecclesstanley1143@gmail.com, gordoneeccles@aol.com, justownit35@yahoo.com, leesa@shoelabworld.com, leesaroberts96@gmail.com, leese2216@gmail.com, staneccles4@gmail.com, stanley.eccles@gmail.com, stanley.eccles@hotmail.com",https://esos.nv.gov/EntitySearch/OnlineEntitySearch,https://www.clarkcountynv.gov/government/assessor/,https://www.clarkcountynv.gov/government/assessor/
"4360 E Comanche Dr, Pahrump, NV 89061",Individual,Unknown Buyer,Unassigned,,,,,"(702) 814-2289 (Stanley Eccles - Tenant/Res), (702) 458-6887 (Gordone J Eccles - Tenant/Res), (702) 370-6703 (Gordone J Eccles - Tenant/Res), (702) 437-0769 (Bernd A Schmidt - Tenant/Res), (702) 756-9156 (Leesa Roberts - Tenant/Res)",,,"ecclesstanley1143@gmail.com, gordoneeccles@aol.com, justownit35@yahoo.com, leesa@shoelabworld.com, leesaroberts96@gmail.com, leese2216@gmail.com, staneccles4@gmail.com, stanley.eccles@gmail.com, stanley.eccles@hotmail.com",https://esos.nv.gov/EntitySearch/OnlineEntitySearch,https://www.clarkcountynv.gov/government/assessor/,https://www.clarkcountynv.gov/government/assessor/
"486 Federman Dr, Las Vegas, NV 89123",Individual,Unknown Buyer,Unassigned,,,,,"(702) 332-7877 (Geoffrey L Perez - Tenant/Res), (702) 409-0650 (Geoffrey L Perez - Tenant/Res)",,,"bnpgeoffrey@yahoo.com, cris89123@yahoo.com, jeffperezz22@gmail.com",https://esos.nv.gov/EntitySearch/OnlineEntitySearch,https://maps.clarkcountynv.gov/assessor/AssessorParcelDetail/parcel.aspx?apn=17715311062,https://www.clarkcountynv.gov/government/assessor/
"1300 Rawhide St, Las Vegas, NV 89119",GO GRIZZLIES LLC,"FOXWORTHY, DERIN THOMAS",Buyer / Partner,(913) 634-7668,(702) 285-3416,(702) 263-5764 (Lorraine Meesenburg - Partner),,,,"savagerepublican@gmail.com, lorainie@earthlink.net",,https://esos.nv.gov/EntitySearch/OnlineEntitySearch?q=GO%20GRIZZLIES%20LLC,https://maps.clarkcountynv.gov/assessor/AssessorParcelDetail/parcel.aspx?apn=16226314020,https://opencorporates.com/companies/us_nv/E0265262016-7
"7069 Forest Vista St, Las Vegas, NV 89147",Individual,Unknown Buyer,Unassigned,,,,,"(913) 634-7668 (Derin C Foxworthy - Tenant/Res), (702) 285-3416 (Derin C Foxworthy - Tenant/Res)",,,savagerepublican@gmail.com,https://esos.nv.gov/EntitySearch/OnlineEntitySearch,https://maps.clarkcountynv.gov/assessor/AssessorParcelDetail/parcel.aspx?apn=16322618033,https://www.clarkcountynv.gov/government/assessor/
"3512 E Tonopah Ave, North Las Vegas, NV 89030",Individual,Unknown Buyer,Unassigned,,,,,"(702) 280-0310 (Maria I Payan - Tenant/Res), (702) 649-4093 (Maria I Payan - Tenant/Res), (702) 649-4093 (Jesus L Payan - Tenant/Res)",,,lorenzo10@gmail.com,https://esos.nv.gov/EntitySearch/OnlineEntitySearch,https://maps.clarkcountynv.gov/assessor/AssessorParcelDetail/parcel.aspx?apn=13924811010,https://www.clarkcountynv.gov/government/assessor/
"2525 Arenas St, Las Vegas, NV 89102",Individual,Unknown Buyer,Unassigned,,,,,"(702) 686-6665 (Christopher A Conger - Tenant/Res), (702) 740-6364 (Christopher A Conger - Tenant/Res), (702) 468-0111 (Christopher A Conger - Tenant/Res)",,,"chris52273@gmail.com, chris_conger52273@hotmail.com, chrisconger0573@hotmail.com, shepherd600@gmail.com",https://esos.nv.gov/EntitySearch/OnlineEntitySearch,https://maps.clarkcountynv.gov/assessor/AssessorParcelDetail/parcel.aspx?apn=16207513026,https://www.clarkcountynv.gov/government/assessor/
"5082 Palmyra Ave, Las Vegas, NV 89146",Individual,Unknown Buyer,Unassigned,,,,,,,,,https://esos.nv.gov/EntitySearch/OnlineEntitySearch,https://maps.clarkcountynv.gov/assessor/AssessorParcelDetail/parcel.aspx?apn=16312710167,https://www.clarkcountynv.gov/government/assessor/
"8957 Gray Quail Ct, Las Vegas, NV 89149",Individual,Unknown Buyer,Unassigned,,,,,,,,,https://esos.nv.gov/EntitySearch/OnlineEntitySearch,https://maps.clarkcountynv.gov/assessor/AssessorParcelDetail/parcel.aspx?apn=12517410095,https://www.clarkcountynv.gov/government/assessor/
"4722 Casa Bonita Dr, North Las Vegas, NV 89032",HUBBSELEVATION LLC,TYLER HUBBS,Active Managing Member,(702) 769-6744,,,,,,,"thubbs.he@gmail.com, tyler@hubbshomes.com",https://esos.nv.gov/EntitySearch/OnlineEntitySearch?q=HUBBSELEVATION%20LLC,https://maps.clarkcountynv.gov/assessor/AssessorParcelDetail/parcel.aspx?apn=13907214003,https://hubbshomes.com | https://www.realtor.com/realestateagents/tyler-hubbs | https://opencorporates.com/companies/us_nv/E0604102020-0
"2539 Masters Cir, Las Vegas, NV 89142",Individual,Unknown Buyer,Unassigned,,,,,,,,,https://esos.nv.gov/EntitySearch/OnlineEntitySearch,https://maps.clarkcountynv.gov/assessor/AssessorParcelDetail/parcel.aspx?apn=16109110084,https://www.clarkcountynv.gov/government/assessor/
"3473 Happy Jack Dr, Las Vegas, NV 89115",BETTER ASSETS INC,RYOKO V TANAKA,Active President / Officer,(702) 843-3516,(702) 815-9681,,,,,"rom@betterassetsinc.com, james@betterassetsinc.com",,https://esos.nv.gov/EntitySearch/OnlineEntitySearch?q=BETTER%20ASSETS%20INC,https://maps.clarkcountynv.gov/assessor/AssessorParcelDetail/parcel.aspx?apn=14008311074,https://betterassetsinc.com | https://opencorporates.com/companies/us_nv/C27192-2007
"4420 Berkley Ave, Las Vegas, NV 89110",Individual,Unknown Buyer,Unassigned,,,,,,,,,https://esos.nv.gov/EntitySearch/OnlineEntitySearch,https://maps.clarkcountynv.gov/assessor/AssessorParcelDetail/parcel.aspx?apn=14032310158,https://www.clarkcountynv.gov/government/assessor/
"2034 Wildwood Lake St, Henderson, NV 89052",SHARAN PROPERTIES LP INC,Managing Member / Officer,Active Entity,,,,,,,,,https://esos.nv.gov/EntitySearch/OnlineEntitySearch?q=SHARAN%20PROPERTIES%20LP%20INC,https://maps.clarkcountynv.gov/assessor/AssessorParcelDetail/parcel.aspx?apn=19113112046,https://opencorporates.com/companies/us_nv/E0534202020-4
"3895 Autumn St, Las Vegas, NV 89120",Individual,Unknown Buyer,Unassigned,,,,,,,,,https://esos.nv.gov/EntitySearch/OnlineEntitySearch,https://maps.clarkcountynv.gov/assessor/AssessorParcelDetail/parcel.aspx?apn=16130511035,https://www.clarkcountynv.gov/government/assessor/
"2135 N Castleberry Ln, Las Vegas, NV 89156",Individual,Unknown Buyer,Unassigned,,,,,,,,,https://esos.nv.gov/EntitySearch/OnlineEntitySearch,https://maps.clarkcountynv.gov/assessor/AssessorParcelDetail/parcel.aspx?apn=14021610007,https://www.clarkcountynv.gov/government/assessor/
"5166 S Jones Blvd #206, Las Vegas NV 89118",Individual,Unknown Buyer,Unassigned,,,,,,,,,https://esos.nv.gov/EntitySearch/OnlineEntitySearch,https://maps.clarkcountynv.gov/assessor/AssessorParcelDetail/parcel.aspx?apn=16325210094,https://www.clarkcountynv.gov/government/assessor/
"3477 Kensbrook St, Las Vegas, NV 89121",Individual,Unknown Buyer,Unassigned,,,,,,,,,https://esos.nv.gov/EntitySearch/OnlineEntitySearch,https://maps.clarkcountynv.gov/assessor/AssessorParcelDetail/parcel.aspx?apn=16213512015,https://www.clarkcountynv.gov/government/assessor/
"1418 E Red Sunset Ave, Henderson, NV 89074",Individual,Unknown Buyer,Unassigned,,,,,,,,,https://esos.nv.gov/EntitySearch/OnlineEntitySearch,https://maps.clarkcountynv.gov/assessor/AssessorParcelDetail/parcel.aspx?apn=17809714014,https://www.clarkcountynv.gov/government/assessor/
"4899 S Torrey Pines Dr Unit 201, Las Vegas, NV 89103",Individual,Unknown Buyer,Unassigned,,,,,,,,,https://esos.nv.gov/EntitySearch/OnlineEntitySearch,https://maps.clarkcountynv.gov/assessor/AssessorParcelDetail/parcel.aspx?apn=16323416175,https://www.clarkcountynv.gov/government/assessor/
"3824 W Rock Dove Way, North Las Vegas, NV 89084",Individual,Unknown Buyer,Unassigned,,,,,,,,,https://esos.nv.gov/EntitySearch/OnlineEntitySearch,https://maps.clarkcountynv.gov/assessor/AssessorParcelDetail/parcel.aspx?apn=12419810085,https://www.clarkcountynv.gov/government/assessor/
"6220 Hobart Ave, Las Vegas, NV 89107",Individual,Unknown Buyer,Unassigned,,,,,,,,,https://esos.nv.gov/EntitySearch/OnlineEntitySearch,https://maps.clarkcountynv.gov/assessor/AssessorParcelDetail/parcel.aspx?apn=13826712059,https://www.clarkcountynv.gov/government/assessor/
"1212 Pontiac Ave, North Las Vegas, NV 89030",Individual,Unknown Buyer,Unassigned,,,,,,,,,https://esos.nv.gov/EntitySearch/OnlineEntitySearch,https://maps.clarkcountynv.gov/assessor/AssessorParcelDetail/parcel.aspx?apn=13916812010,https://www.clarkcountynv.gov/government/assessor/
"2108 E Owens Ave, North Las Vegas, NV 89030",CASTLE LLC,"MORSE, ROBERT BERNARD EE",Active Managing Member,,,,,,,,,https://esos.nv.gov/EntitySearch/OnlineEntitySearch?q=CASTLE%20LLC,https://maps.clarkcountynv.gov/assessor/AssessorParcelDetail/parcel.aspx?apn=13923815082,https://opencorporates.com/companies/us_nv/E0034292016-7
"816 Singing Drum Dr, Henderson, NV 89002",Individual,Unknown Buyer,Unassigned,,,,,,,,,https://esos.nv.gov/EntitySearch/OnlineEntitySearch,https://maps.clarkcountynv.gov/assessor/AssessorParcelDetail/parcel.aspx?apn=17928412009,https://www.clarkcountynv.gov/government/assessor/
"1528 Kiwi Ln, Las Vegas, NV 89123",Individual,Unknown Buyer,Unassigned,,,,,,,,,https://esos.nv.gov/EntitySearch/OnlineEntitySearch,https://maps.clarkcountynv.gov/assessor/AssessorParcelDetail/parcel.aspx?apn=17711311015,https://www.clarkcountynv.gov/government/assessor/
"547 E Oakey Blvd, Las Vegas, NV 89104",Individual,Unknown Buyer,Unassigned,,,,,,,,,https://esos.nv.gov/EntitySearch/OnlineEntitySearch,https://maps.clarkcountynv.gov/assessor/AssessorParcelDetail/parcel.aspx?apn=16203213023,https://www.clarkcountynv.gov/government/assessor/
"3515 Kensbrook St, Las Vegas, NV 89121",Individual,Unknown Buyer,Unassigned,,,,,,,,,https://esos.nv.gov/EntitySearch/OnlineEntitySearch,https://maps.clarkcountynv.gov/assessor/AssessorParcelDetail/parcel.aspx?apn=16213612004,https://www.clarkcountynv.gov/government/assessor/
"2272 Jo Anne Ln, Las Vegas, NV 89156",Individual,Unknown Buyer,Unassigned,,,,,,,,,https://esos.nv.gov/EntitySearch/OnlineEntitySearch,https://maps.clarkcountynv.gov/assessor/AssessorParcelDetail/parcel.aspx?apn=14021510253,https://www.clarkcountynv.gov/government/assessor/
"6959 Forest Vista St, Las Vegas, NV 89147",Individual,Unknown Buyer,Unassigned,,,,,,,,,https://esos.nv.gov/EntitySearch/OnlineEntitySearch,https://maps.clarkcountynv.gov/assessor/AssessorParcelDetail/parcel.aspx?apn=16322619024,https://www.clarkcountynv.gov/government/assessor/
