Property Address,Competitors Deals Tracking,Unnamed: 2,Unnamed: 3,Unnamed: 4,Unnamed: 5,Unnamed: 6,Unnamed: 7,Unnamed: 8,Buyers Live Tracking,Unnamed: 10,Unnamed: 11,Unnamed: 12,Unnamed: 13,Unnamed: 14,Unnamed: 15
,Date Sent,COE / H&B,Days COE,Aking Price,ARV,Sent By,Source Entity,Source Owner,APN,Transaction Date,Transaction,Buyer Entity 1,Buyer Name 1,Buyer Entity 2,Buyer Name 2
"1640 Divinity St, Las Vegas, NV 89142",2026-06-25 00:00:00,2026-06-19 00:00:00,7,242000,350000,Eyal,We Buy Any Vegas House,Casey,161-03-218-015,2026-06-26 00:00:00,200000,ALCHEMY INVESTMENTS LLC,CASEY RYAN,,
"10299 Evening Primrose Ave, Las Vegas, NV 89135",2026-06-25 00:00:00,,,839000,1300000,Eyal,We Buy Any Vegas House,Casey,164-13-612-005,2026-07-14 00:00:00,700000,,"HEICHEL, WILLIAM D",,
"4500 W Lake Mead Blvd #102, Las Vegas, NV 89108",2026-06-25 00:00:00,2026-06-26 00:00:00,60,109000,180000,Eyal,We Buy Any Vegas House,Casey,139-19-214-053,2026-08-25 00:00:00,120500,FLIP SIDE PROPERTIES LLC,,,
"4417 Cool Valley Dr, Las Vegas, NV 89110",2026-06-26 00:00:00,2026-07-08 00:00:00,0,170000,-,Eyal,The Property Depot,Alex,140-29-411-081,2026-07-08 00:00:00,150000,SCARF LLC,PABLO COVARRUBIAS,,"KOW, HENRY"
"4659 Monterey Cir Unit 1, Las Vegas, NV 89169",2026-06-30 00:00:00,2026-07-01 00:00:00,86,109000,185000,Eyal,We Buy Any Vegas House,Casey,162-21-714-041,,,,,,
"1812 Santa Paula Dr, Las Vegas, NV 89104",2026-06-30 00:00:00,2026-07-09 00:00:00,1,235000,399000,Eyal,Hubbs Homes,Tyler,162-03-312-014,2026-07-10 00:00:00,213500,BIG RED LLC,THOMAS B REYNOLDS,,
"3111 Bel Air Dr Unit 4F, Las Vegas, NV 89109",2026-06-30 00:00:00,2026-06-26 00:00:00,4,335000,500000,Eyal,Hubbs Homes,Tyler,162-10-812-032,2026-06-30 00:00:00,300000,HUBBSELEVATION LLC,,,
"2133 Willowbury Dr Unit A, Las Vegas, NV 89108",2026-06-30 00:00:00,2026-06-29 00:00:00,9,185000,245000,Eyal,Hubbs Homes,Tyler,138-23-210-057,2026-07-08 00:00:00,180000,HUBBSELEVATION LLC,TYLER HUBBS,,
"7450 S Eastern Ave #1122, Las Vegas, NV 89123",2026-06-30 00:00:00,2026-08-21 00:00:00,35,250000,-,Eyal,Vegas Home Buyers LLC,Noah Herrera,177-12-113-058,,,,,,
"543 Chandler St, Henderson, NV 89014",2026-07-01 00:00:00,2026-07-02 00:00:00,47,268000,380000,Eyal,We Buy Any Vegas House,Casey,178-04-712-081,2026-08-18 00:00:00,255000,ALCHEMY INVESTMENTS LLC,,,
"501 Lacy Ln, Las Vegas, NV 89107",2026-07-02 00:00:00,2026-07-31 00:00:00,24,655000,1000000,Eyal,Plot Property Group,Vlad,139-32-310-001,2026-08-24 00:00:00,570000,BETTER ASSETS INC,,,
"8909 Pesaro Dr, Las Vegas NV 89117",2026-07-08 00:00:00,2026-07-09 00:00:00,32,432000,630000,Eyal,We Buy Any Vegas House,Casey,163-05-314-002,2026-08-10 00:00:00,400000,BETTER ASSETS INC,,,
"2965 Calle Grande, Las Vegas, NV 89120",2026-07-09 00:00:00,2026-07-22 00:00:00,65,215000,-,Eyal,The Property Depot,Alex,162-25-111-126,,,,,,
"3504 Trilogy Dr, Las Vegas, NV 89108",2026-07-09 00:00:00,2026-07-10 00:00:00,77,298000,430000,Eyal,We Buy Any Vegas House,Casey,138-12-314-014,,,,,,
"7561 Lorinda Ave, Las Vegas, NV 89128",2026-07-09 00:00:00,2026-07-30 00:00:00,0,312500,415000,Eyal,Plot Property Group,Vlad,138-22-110-038,2026-07-30 00:00:00,320000,MOVE MADE SIMPLE LLC,IMELDA PROBST,,"BURRELL, TONI YVETTE"
"370 Rushing Creek Ct, Henderson, NV 89014",2026-07-10 00:00:00,2026-07-23 00:00:00,7,375000,-,Eyal,The Property Depot,Alex,178-08-513-049,2026-07-30 00:00:00,350000,PLOT PROPERTY GROUP LLC,VLADIMIR PLOTNIKOV,,
"4233 Glass Lantern Dr, Las Vegas NV 89032",2026-07-13 00:00:00,,,297000,435000,Eyal,We Buy Any Vegas House,Casey,139-05-710-031,2026-08-10 00:00:00,308000,YESDCT LLC,Gloria Diaz de Castaneda,,
"2333 Cardiff Ln Unit C, Las Vegas NV 89108",2026-07-14 00:00:00,,,116000,190000,Eyal,We Buy Any Vegas House,Casey,138-24-111-023,2026-07-24 00:00:00,108000,ALCHEMY INVESTMENTS LLC,CASEY RYAN,,
"3939 Meadowglen Dr, Las Vegas, NV 89121",2026-07-14 00:00:00,2026-07-31 00:00:00,-2,320000,-,Eyal,The Property Depot,Alex,161-19-510-015,2026-07-29 00:00:00,305000,ELO EQUITY GROUP LLC,NICHOLAS ELO,,
"208 Lorenzi St, Las Vegas, NV 89107",2026-07-16 00:00:00,2026-08-05 00:00:00,26,285500,-,Eyal,The Property Depot,Alex,138-34-522-020,2026-08-31,0,,"ROSALES, RAUL",,"MATEO, FRANCISCO J HERNANDEZ"
"1012 Cadiz Ave, Henderson, NV 89015",2026-07-17 00:00:00,2026-08-04 00:00:00,8,400000,-,Eyal,The Property Depot,Alex,179-04-507-009,2026-08-12 00:00:00,275000,BETTER ASSETS INC,,,
"624 Donner St, Las Vegas, NV 89107",2026-07-17 00:00:00,2026-08-07 00:00:00,12,289500,-,Jen,Plot Property Group,Vlad,138-25-712-006,2026-08-19 00:00:00,282000,TL HOME REMODELS LLC,TIBURCIO LEON MORA,,"PRECIADO, ADAN"
"3972 Maple Hill Rd, Las Vegas, NV 89115",2026-07-20 00:00:00,,,246000,370000,Eyal,We Buy Any Vegas House,Casey,140-06-712-006,,,,,,
"4506 Palencia Ave, Las Vegas, NV 89121",2026-07-20 00:00:00,2026-08-07 00:00:00,-7,285000,-,Jen,The Property Depot,Alex,161-20-114-023,2026-07-31 00:00:00,265000,,"ENGS, STUART R JR EE",,
"2210 E Desert Inn Rd, Winchester, NV 89169",2026-07-20 00:00:00,2026-07-30 00:00:00,1,120000,225000,Jen,Hubbs Homes,Tyler,162-11-816-025,2026-07-31 00:00:00,110000,REAL ESTATE ROCK LV LLC,KARLA CARDENAS,,
"3869 Rawhide St, Las Vegas, NV 89120",2026-07-20 00:00:00,,,590000,850000,Jen,We Buy Any Vegas House,Casey,161-30-801-062,2026-09-03,575000,FLIP SIDE PROPERTIES LLC,,,
"6700 Snake River Ave, Las Vegas, NV 89130",2026-07-21 00:00:00,2026-09-02 00:00:00,2,325000,440000,Jen,Liberty Home Buyers LLC,,125-34-614-026,2026-09-04,265000,ESP DESERT HOLDINGS LLC,Bryan Espinosa Miranda,,
"5022 Long View Dr, Las Vegas, NV 89120",2026-07-22 00:00:00,2026-07-23 00:00:00,54,308000,450000,Jen,We Buy Any Vegas House,Casey,161-30-511-030,2026-09-15,290000,GO GRIZZLIES LLC,,,
"2958 Ferndale St, Las Vegas, NV 89121",2026-07-22 00:00:00,2026-07-22 00:00:00,65,199000,405000,Jen,Plot Property Group,Vlad,161-08-310-051,,,,,,
"4309 Mott Circle, Las Vegas, NV 89102",2026-07-23 00:00:00,2026-07-27 00:00:00,60,303000,460000,Eyal,Alpha Investment Group,Avi,162-07-610-030,,0,,"LAMAUTE, LYONEL",ALPHA INVESTMENT GROUP INC,
"2579 Diamante Ct, Las Vegas, NV 89121",2026-07-24 00:00:00,,,303000,460000,Eyal,We Buy Any Vegas House,Casey,162-24-115-008,,,,,,
"600 S 11th St, Las Vegas, NV 89101",2026-07-30 00:00:00,,,499000,700000,Eyal,We Buy Any Vegas House,Casey,139-34-811-015,,,,,,
"220 N Ronald Ln, Las Vegas, NV 89110",2026-07-31 00:00:00,2026-08-13 00:00:00,1,190000,-,Eyal,The Property Depot,Alex,140-31-711-026,2026-08-14 00:00:00,160000,SCARF LLC,,,
"6316 Monarch Creek St, Las Vegas NV 89130",2026-07-31 00:00:00,,,277000,390000,Eyal,We Buy Any Vegas House,Casey,125-25-511-017,2026-08-18 00:00:00,255000,,"FU, ZAO",,"WANG, MENG"
"1400 Palantine Hill Dr, Las Vegas, NV 89117",2026-08-03 00:00:00,,,665000,970000,Jen,We Buy Any Vegas House,Casey,163-06-519-014,,,,,,
"4339 Gibraltar Way, Las Vegas, NV 89121",2026-08-03 00:00:00,2026-08-28 00:00:00,28,345000,-,Eyal,The Property Depot,Alex,161-20-212-014,,,,,,
"4531 Del Oro Dr, Las Vegas, NV 89102",2026-08-03 00:00:00,2026-08-12 00:00:00,1,290000,-,Eyal,Andrew The Home Buyer,Ben,162-07-410-102,2026-08-13 00:00:00,180000,BETTER ASSETS INC,,,
"864 Parkhurst St, Las Vegas, NV 89110",2026-08-04 00:00:00,2026-08-14 00:00:00,0,265000,400000,Jen,Vegas Home Buyers LLC,Noah Herrera,140-30-312-002,2026-08-14 00:00:00,245500,TORITO HOMES LLC,Abigail Barajas,,
"3909 Sequoia Ave, Las Vegas NV 89110",2026-08-04 00:00:00,,,244000,370000,Jen,We Buy Any Vegas House,Casey,140-30-112-040,2026-09-10,225000,ALCHEMY INVESTMENTS LLC,,,
"4124 Autumn St, Las Vegas, NV 89120",2026-08-04 00:00:00,2026-08-17 00:00:00,1,315000,-,Jen,The Property Depot,Alex,161-30-512-130,2026-08-18 00:00:00,297500,GO GRIZZLIES LLC,,,
"2708 Camphor Tree St, Las Vegas NV 89108",2026-08-05 00:00:00,,,285000,390000,Jen,We Buy Any Vegas House,Casey,138-14-310-044,2026-09-01,275000,,"ENGS, STUART R JR EE",,
"529 Amethyst, Henderson, NV 89015",2026-08-05 00:00:00,2026-08-24 00:00:00,4,200000,-,Jen,Andrew The Home Buyer,Ben,179-20-710-034,2026-08-28,180000,BETTER ASSETS INC,,,
"6225 Alta Dr, Las Vegas, NV 89107",2026-08-05 00:00:00,2026-09-11 00:00:00,3,290000,425000,Jen,Liberty Home Buyers LLC,,138-35-710-016,2026-09-14,225000,VANGUARD CREST HOLDINGS LLC,,,"CULVER, WILLIAM D"
"3454 Bankside Dr, Las Vegas, NV 89129",2026-08-05 00:00:00,2026-08-14 00:00:00,0,240000,-,Eyal,Andrew The Home Buyer,Ben,138-08-315-045,2026-08-14 00:00:00,225000,ALPHA INVESTMENT GROUP INC,,,
"8425 Airmont Ct, Las Vegas, NV 89128",2026-08-06 00:00:00,,,417000,570000,Jen,We Buy Any Vegas House,Casey,138-16-311-021,2026-09-08,425000,FLIP SIDE PROPERTIES LLC,,,
"109 N Princeton St, Las Vegas, NV 89107",2026-08-10 00:00:00,,,228000,340000,Eyal,We Buy Any Vegas House,Casey,138-25-812-105,2026-09-04,210000,MONACO PRO KITCHENS LLC,JOSE MADINA QUINTERO,,"BAEZ, KIMBERLY ANN"
"9836 Kernville Dr, Las Vegas, NV 89134",2026-08-10 00:00:00,2026-09-25 00:00:00,-8,365000,-,Eyal,The Property Depot,Alex,138-18-416-032,2026-09-17,325000,CAJIE LLC,Jonathan Jacobs,,
"1511 Living Desert Dr #B, Las Vegas, NV 89119",2026-08-10 00:00:00,2026-09-11 00:00:00,3,150000,220000,Eyal,Plot Property Group,Vlad,162-23-315-014,2026-09-14,174600,OPENDORR PROPERTY TRUST I,,,
"10332 Falls Church Ave, Las Vegas, NV 89144",2026-08-10 00:00:00,2026-08-28 00:00:00,0,675000,930000,Eyal,Plot Property Group,Vlad,137-25-519-001,2026-08-28,612000,PLOT PROPERTY GROUP LLC,,,
"3725 Covewick Dr, North Las Vegas, NV 89032",2026-08-12 00:00:00,,,282000,400000,Jen,We Buy Any Vegas House,Casey,139-09-217-024,,,,,,
"5197 Andover Dr, Las Vegas, NV 89122",2026-08-13 00:00:00,,,266000,380000,Jen,We Buy Any Vegas House,Casey,161-28-613-044,2026-09-14,230000,ALCHEMY INVESTMENTS LLC,,,
"55 Sirnoble St, Las Vegas, NV 89110",2026-08-14 00:00:00,2026-09-03 00:00:00,22,263000,377000,Eyal,Plot Property Group,Vlad,140-33-415-115,,,,,,
"322 Redondo St, Henderson, NV 89014",2026-08-14 00:00:00,2026-09-30 00:00:00,-30,390000,560000,Eyal,Plot Property Group,Vlad,178-09-216-035,2026-08-31,375000,PN II INC REDONDO STREET SERIES OF QUARTER MOON ENTERPRISES LLC,,,
"160 Lailani St, Las Vegas, NV 89110",2026-08-17 00:00:00,,,364000,580000,Eyal,We Buy Any Vegas House,Casey,140-34-810-019,2026-09-10,353000,LIANA FREY HOLDINGS LLC,Jeffrey Ehlert,,
"1413 Pine Leaf Dr, Las Vegas, NV 89144",2026-08-17 00:00:00,2026-08-31 00:00:00,25,-,-,Jen,Plot Property Group,Vlad,137-26-514-002,,,,,,
"2200 E Evans Ave, North Las Vegas, NV 89030",2026-08-18 00:00:00,2026-09-04 00:00:00,13,299000,425000,Jen,Hubbs Homes,Tyler,139-14-615-019,2026-09-17,280000,HUBBSELEVATION LLC,,,
"71 Church St, Henderson, NV 89015",2026-08-18 00:00:00,2026-09-04 00:00:00,21,240000,-,Jen,The Property Depot,Alex,179-18-510-022,,,,,,
"1512 Sapphire Springs Cir, Las Vegas NV 89108",2026-08-18 00:00:00,2026-08-18 00:00:00,28,253000,370000,Eyal,We Buy Any Vegas House,Casey,138-26-510-075,2026-09-15,200000,LEGACY HOME INVESTMENTS LLC,,,
"3051 Morning Springs Dr, Henderson, NV 89074",2026-08-20 00:00:00,2026-09-17 00:00:00,0,485000,650000,Jen,Plot Property Group,Vlad,177-24-513-038,2026-09-17,440000,BOB MILLER INVESTMENT PROPERTIES LLC,KENNY MILLER,,
"4507 Cory Pl, Las Vegas, NV 89107",2026-08-21 00:00:00,2026-09-18 00:00:00,-8,235000,-,Jen,The Property Depot,Alex,139-31-410-072,2026-09-10,227500,BETTER ASSETS INC,,,
"11832 Magliana St, Las Vegas, NV 89183",2026-08-21 00:00:00,2026-09-07 00:00:00,2,299000,435000,Eyal,Plot Property Group,Vlad,191-04-310-091,2026-09-09,280000,PLOT PROPERTY GROUP LLC,,,
"248 Greyhawk, Henderson, NV 89074",2026-08-25 00:00:00,2026-09-30 00:00:00,-5,360000,-,Jen,The Property Depot,Alex,,,,,,,
"4360 E Comanche Dr, Pahrump, NV 89061",2026-08-25 00:00:00,2026-08-27 00:00:00,29,162000,290000,Eyal,We Buy Any Vegas House,Casey,,,,,,,
"486 Federman Dr, Las Vegas, NV 89123",2026-08-27 00:00:00,2026-09-08 00:00:00,17,395000,540000,Eyal,Networth Realty,,177-15-311-062,,,,,,
"1300 Rawhide St, Las Vegas, NV 89119",2026-08-31 00:00:00,2026-09-14 00:00:00,11,165000,-,Jen,Plot Property Group,Vlad,162-26-314-020,,0,,"FOXWORTHY, DERIN THOMAS",GO GRIZZLIES LLC,
"7069 Forest Vista St, Las Vegas, NV 89147",2026-08-31 00:00:00,2026-09-28 00:00:00,-3,200000,-,Jen,The Property Depot,Alex,163-22-618-033,,,,,,
"3512 E Tonopah Ave, North Las Vegas, NV 89030",2026-08-31 00:00:00,2026-08-31 00:00:00,25,195000,320000,Jen,We Buy Any Vegas House,Casey,139-24-811-010,,,,,,
"2525 Arenas St, Las Vegas, NV 89102",2026-09-01 00:00:00,2026-09-14 00:00:00,11,260000,-,Eyal,Plot Property Group,Vlad,162-07-513-026,,,,,,
"5082 Palmyra Ave, Las Vegas, NV 89146",2026-09-01 00:00:00,,,-,-,Eyal,Gr8 house buyers,Anthony,163-12-710-167,,,,,,
"8957 Gray Quail Ct, Las Vegas, NV 89149",2026-09-02 00:00:00,2026-09-15 00:00:00,10,310000,-,Jen,The Property Depot,Alex,125-17-410-095,,,,,,
"4722 Casa Bonita Dr, North Las Vegas, NV 89032",2026-09-02 00:00:00,2026-09-11 00:00:00,7,359000,450000,Jen,Hubbs Homes,Tyler,139-07-214-003,2026-09-18,325000,HUBBSELEVATION LLC,,,
"2539 Masters Cir, Las Vegas, NV 89142",2026-09-03 00:00:00,2026-09-04 00:00:00,21,305000,450000,Jen,We Buy Any Vegas House,Casey,161-09-110-084,,,,,,
"3473 Happy Jack Dr, Las Vegas, NV 89115",2026-09-03 00:00:00,2026-09-23 00:00:00,-2,170000,285000,Jen,Plot Property Group,Vlad,140-08-311-074,2026-09-21,130000,BETTER ASSETS INC,,,
"4420 Berkley Ave, Las Vegas, NV 89110",2026-09-04 00:00:00,2026-09-29 00:00:00,-4,240000,-,Jen,The Property Depot,Alex,140-32-310-158,,,,,,
"2034 Wildwood Lake St, Henderson, NV 89052",2026-09-04 00:00:00,2026-09-22 00:00:00,0,320000,-,Eyal,Andrew The Home Buyer,Ben,191-13-112-046,2026-09-22,310000,SHARAN PROPERTIES LP INC,,,
"3895 Autumn St, Las Vegas, NV 89120",2026-09-08 00:00:00,2026-09-30 00:00:00,-5,315000,-,Jen,The Property Depot,Alex,161-30-511-035,,,,,,
"2135 N Castleberry Ln, Las Vegas, NV 89156",2026-09-09 00:00:00,2026-10-02 00:00:00,-7,380000,-,Jen,The Property Depot,Alex,140-21-610-007,,,,,,
"5166 S Jones Blvd #206, Las Vegas NV 89118",2026-09-10 00:00:00,2026-09-11 00:00:00,14,95000,160000,Jen,We Buy Any Vegas House,Casey,163-25-210-094,,,,,,
"3477 Kensbrook St, Las Vegas, NV 89121",2026-09-15 00:00:00,2026-09-28 00:00:00,-3,235000,-,Eyal,Plot Property Group,Vlad,162-13-512-015,,,,,,
"1418 E Red Sunset Ave, Henderson, NV 89074",2026-09-16 00:00:00,2026-09-30 00:00:00,-5,320000,-,Jen,The Property Depot,Alex,178-09-714-014,,,,,,
"4899 S Torrey Pines Dr Unit 201, Las Vegas, NV 89103",2026-09-17 00:00:00,2026-10-01 00:00:00,-6,105000,-,Eyal,Andrew The Home Buyer,Ben,163-23-416-175,,,,,,
"3824 W Rock Dove Way, North Las Vegas, NV 89084",2026-09-18 00:00:00,2026-11-01 00:00:00,-37,475000,-,Eyal,The Property Depot,Alex,124-19-810-085,,,,,,
"6220 Hobart Ave, Las Vegas, NV 89107",2026-09-18 00:00:00,2026-10-05 00:00:00,-10,275000,385000,Jen,Plot Property Group,Vlad,138-26-712-059,,,,,,
"1212 Pontiac Ave, North Las Vegas, NV 89030",2026-09-21 00:00:00,2026-10-20 00:00:00,-25,235000,-,Jen,The Property Depot,Alex,139-16-812-010,,,,,,
"2108 E Owens Ave, North Las Vegas, NV 89030",2026-09-21 00:00:00,2026-10-20 00:00:00,-25,275000,-,Jen,Andrew The Home Buyer,Ben,139-23-815-082,,,CASTLE LLC,,,"MORSE, ROBERT BERNARD EE"
"816 Singing Drum Dr, Henderson, NV 89002",2026-09-21 00:00:00,2026-10-16 00:00:00,-21,435000,620000,Jen,Hubbs Homes,Tyler,179-28-412-009,,,,,,
"1528 Kiwi Ln, Las Vegas, NV 89123",2026-09-22 00:00:00,2026-10-16 00:00:00,-21,375000,-,Jen,Andrew The Home Buyer,Ben,177-11-311-015,,,,,,
"547 E Oakey Blvd, Las Vegas, NV 89104",2026-09-23 00:00:00,2026-11-30 00:00:00,-66,380000,-,Eyal,The Property Depot,Alex,162-03-213-023,,,,,,
"3515 Kensbrook St, Las Vegas, NV 89121",2026-09-23 00:00:00,2026-10-12 00:00:00,-17,232500,-,Jen,Andrew The Home Buyer,Ben,162-13-612-004,,,,,,
"2272 Jo Anne Ln, Las Vegas, NV 89156",2026-09-23 00:00:00,2026-10-16 00:00:00,-21,130000,299000,Jen,Hubbs Homes,Tyler,140-21-510-253,,,,,,
"6959 Forest Vista St, Las Vegas, NV 89147",2026-09-23 00:00:00,2026-09-24 00:00:00,1,227000,330000,Eyal,We Buy Any Vegas House,Casey,163-22-619-024,,,,,,
