Property Address,Buyer LLC / Entity,Person (Verified Decision Maker),Role / Status,Phone 1 (Owner Primary Mobile),Phone 2 (Owner Alt Mobile),Phone 3 (Active Partner / Office),Phone 4 (Relative / Co-Buyer),Phone 5 (Tenant / Current Resident),Phone 6 (Previous Seller / Other),Owner Emails,Other Emails,Verified Web Search Sources & Exact URLs
"1640 Divinity St, Las Vegas, NV 89142",ALCHEMY INVESTMENTS LLC,CASEY RYAN,Active Managing Member,(725) 227-5761,(702) 824-7270,"(702) 331-1879 (Kevin Lang - Partner), (760) 952-2234 (Kevin Lang - Partner)",,,,"casey@webuyanyvegashouse.com, kevin.lang@swgas.com",,[NV SOS Filing: ALCHEMY INVESTMENTS LLC] -> https://esos.nv.gov/EntitySearch/OnlineEntitySearch | OpenCorporates: https://opencorporates.com/companies/us_nv?q=ALCHEMY%20INVESTMENTS%20LLC ; [Clark County Assessor Parcel Record APN 161-03-218-015] -> https://maps.clarkcountynv.gov/assessor/AssessorParcelDetail/parcel.aspx?apn=16103218015 ; [Investor Business Website] -> https://webuyanyvegashouse.com
"10299 Evening Primrose Ave, Las Vegas, NV 89135",Individual,"HEICHEL, WILLIAM D",Individual Buyer,(702) 804-9796,(831) 426-2674,,"(702) 804-9796 (Linda L Heichel - Relative), (831) 426-2674 (Linda L Heichel - Relative)",,,"wheichel@msn.com, wmheichel@aol.com, stel1a@aol.com, llheichel@aol.com, eiilan@aol.com",,"[Clark County Public Records: HEICHEL, WILLIAM D] -> https://www.clarkcountynv.gov/government/assessor/ ; [Clark County Assessor Parcel Record APN 164-13-612-005] -> https://maps.clarkcountynv.gov/assessor/AssessorParcelDetail/parcel.aspx?apn=16413612005"
"4500 W Lake Mead Blvd #102, Las Vegas, NV 89108",FLIP SIDE PROPERTIES LLC,DOUG CHRISTENSEN,Active Managing Member,,,(702) 247-2477 (Office),,"(702) 631-1272 (Mary L Wheeler - Tenant/Res), (702) 631-1272 (Larry J Stanger - Tenant/Res), (586) 443-3858 (Larry J Stanger - Tenant/Res)",,doug@247companiesnow.com,"mary.wheeler@qwest.net, lstanger@invergroveheights.org, larrystanger@netzero.net, larrystanger@gmail.com",[NV SOS Filing: FLIP SIDE PROPERTIES LLC] -> https://esos.nv.gov/EntitySearch/OnlineEntitySearch | OpenCorporates: https://opencorporates.com/companies/us_nv?q=FLIP%20SIDE%20PROPERTIES%20LLC ; [Clark County Assessor Parcel Record APN 139-19-214-053] -> https://maps.clarkcountynv.gov/assessor/AssessorParcelDetail/parcel.aspx?apn=13919214053 ; [Investor Business Website] -> https://247companiesnow.com
"4417 Cool Valley Dr, Las Vegas, NV 89110",SCARF LLC,HENRY KOW,Active Managing Member,(630) 303-3530,,(702) 437-1910 (Pablo Covarrubias - Partner),,"(401) 782-7092 (Sterling L Phillips - Tenant/Res), (702) 437-1910 (Maliyah N Phillips - Tenant/Res)",,henry02kow@gmail.com,"sterlp07@icloud.com, sterlp2001@gmail.com, sterlp07@gmail.com",[NV SOS Filing: SCARF LLC] -> https://esos.nv.gov/EntitySearch/OnlineEntitySearch | OpenCorporates: https://opencorporates.com/companies/us_nv?q=SCARF%20LLC ; [Clark County Assessor Parcel Record APN 140-29-411-081] -> https://maps.clarkcountynv.gov/assessor/AssessorParcelDetail/parcel.aspx?apn=14029411081
"4659 Monterey Cir Unit 1, Las Vegas, NV 89169",Individual,Unknown Buyer,Unassigned,,,,,,,,,[Clark County Assessor Deed Search] -> https://www.clarkcountynv.gov/government/assessor/ ; [Clark County Assessor Parcel Record APN 162-21-714-041] -> https://maps.clarkcountynv.gov/assessor/AssessorParcelDetail/parcel.aspx?apn=16221714041
"1812 Santa Paula Dr, Las Vegas, NV 89104",BIG RED LLC,THOMAS B REYNOLDS,Active Managing Member,,,,,,,,,[NV SOS Filing: BIG RED LLC] -> https://esos.nv.gov/EntitySearch/OnlineEntitySearch | OpenCorporates: https://opencorporates.com/companies/us_nv?q=BIG%20RED%20LLC ; [Clark County Assessor Parcel Record APN 162-03-312-014] -> https://maps.clarkcountynv.gov/assessor/AssessorParcelDetail/parcel.aspx?apn=16203312014
"3111 Bel Air Dr Unit 4F, Las Vegas, NV 89109",HUBBSELEVATION LLC,TYLER HUBBS,Active Managing Member,(702) 769-6744,,,,"(702) 649-2143 (Sibelys Sanchez - Tenant/Res), (702) 649-2143 (Terry R Kilfian - Tenant/Res), (937) 622-1119 (Terry R Kilfian - Tenant/Res), (702) 487-0618 (Ricardo Sanchez - Tenant/Res), (702) 628-3559 (Ricardo Sanchez - Tenant/Res)",,tyler@hubbshomes.com,"sibelys1@yahoo.com, liltkilfian@gmail.com, richie797rich@gmail.com",[NV SOS Filing: HUBBSELEVATION LLC] -> https://esos.nv.gov/EntitySearch/OnlineEntitySearch | OpenCorporates: https://opencorporates.com/companies/us_nv?q=HUBBSELEVATION%20LLC ; [Clark County Assessor Parcel Record APN 162-10-812-032] -> https://maps.clarkcountynv.gov/assessor/AssessorParcelDetail/parcel.aspx?apn=16210812032 ; [Investor Business Website] -> https://hubbshomes.com
"2133 Willowbury Dr Unit A, Las Vegas, NV 89108",HUBBSELEVATION LLC,TYLER HUBBS,Active Managing Member,(702) 769-6744,,,,"(757) 660-3261 (Samuel L Hayes - Tenant/Res), (702) 809-9676 (Samuel L Hayes - Tenant/Res), (928) 605-1653 (Samuel L Hayes - Tenant/Res)",,tyler@hubbshomes.com,"s.l.hayes@outlook.com, thammy1120@gmail.com, samuelhayes1963@gmail.com",[NV SOS Filing: HUBBSELEVATION LLC] -> https://esos.nv.gov/EntitySearch/OnlineEntitySearch | OpenCorporates: https://opencorporates.com/companies/us_nv?q=HUBBSELEVATION%20LLC ; [Clark County Assessor Parcel Record APN 138-23-210-057] -> https://maps.clarkcountynv.gov/assessor/AssessorParcelDetail/parcel.aspx?apn=13823210057 ; [Investor Business Website] -> https://hubbshomes.com
"7450 S Eastern Ave #1122, Las Vegas, NV 89123",Individual,Unknown Buyer,Unassigned,,,,,"(702) 759-6984 (Nicole L Cabrera-heiring - Tenant/Res), (702) 806-5950 (Nicole L Cabrera-heiring - Tenant/Res), (702) 488-3741 (Candace C Lasley - Tenant/Res)",,,"nicole_cabrera23@yahoo.com, redshanan@gmail.com, melamom18@aol.com, clasleypn@aol.com",[Clark County Assessor Deed Search] -> https://www.clarkcountynv.gov/government/assessor/ ; [Clark County Assessor Parcel Record APN 177-12-113-058] -> https://maps.clarkcountynv.gov/assessor/AssessorParcelDetail/parcel.aspx?apn=17712113058
"543 Chandler St, Henderson, NV 89014",ALCHEMY INVESTMENTS LLC,CASEY RYAN,Active Managing Member,(725) 227-5761,(702) 824-7270,"(702) 331-1879 (Kevin Lang - Partner), (760) 952-2234 (Kevin Lang - Partner)",,,,,"casey@webuyanyvegashouse.com, kevin.lang@swgas.com",,[NV SOS Filing: ALCHEMY INVESTMENTS LLC] -> https://esos.nv.gov/EntitySearch/OnlineEntitySearch | OpenCorporates: https://opencorporates.com/companies/us_nv?q=ALCHEMY%20INVESTMENTS%20LLC ; [Clark County Assessor Parcel Record APN 178-04-712-081] -> https://maps.clarkcountynv.gov/assessor/AssessorParcelDetail/parcel.aspx?apn=17804712081 ; [Investor Business Website] -> https://webuyanyvegashouse.com
"501 Lacy Ln, Las Vegas, NV 89107",BETTER ASSETS INC,RYOKO V TANAKA,Active President / Officer,(702) 843-3516,(702) 815-9681,,,,,"rom@betterassetsinc.com, james@betterassetsinc.com",,[NV SOS Filing: BETTER ASSETS INC] -> https://esos.nv.gov/EntitySearch/OnlineEntitySearch | OpenCorporates: https://opencorporates.com/companies/us_nv?q=BETTER%20ASSETS%20INC ; [Clark County Assessor Parcel Record APN 139-32-310-001] -> https://maps.clarkcountynv.gov/assessor/AssessorParcelDetail/parcel.aspx?apn=13932310001 ; [Investor Business Website] -> https://betterassetsinc.com
"8909 Pesaro Dr, Las Vegas NV 89117",BETTER ASSETS INC,RYOKO V TANAKA,Active President / Officer,(530) 510-2327,(530) 510-2606,"(702) 843-3516 (Office), (702) 680-9672 (Office)","(702) 463-9206 (Jun R Tanaka), (702) 241-2901 (Jun R Tanaka)",,,,"ryokovtanaka@gmail.com, ryokotanakadgf@outlook.com, rmplusone@gmail.com, patbass182@gmail.com, superevil18@yahoo.com",,[NV SOS Filing: BETTER ASSETS INC] -> https://esos.nv.gov/EntitySearch/OnlineEntitySearch | OpenCorporates: https://opencorporates.com/companies/us_nv?q=BETTER%20ASSETS%20INC ; [Clark County Assessor Parcel Record APN 163-05-314-002] -> https://maps.clarkcountynv.gov/assessor/AssessorParcelDetail/parcel.aspx?apn=16305314002 ; [Investor Business Website] -> https://betterassetsinc.com
"2965 Calle Grande, Las Vegas, NV 89120",BETTER ASSETS INC,RYOKO V TANAKA,Active President / Officer,(530) 510-2327,(530) 510-2606,"(702) 843-3516 (Office), (702) 680-9672 (Office)","(702) 463-9206 (Jun R Tanaka), (702) 241-2901 (Jun R Tanaka)",,,,"ryokovtanaka@gmail.com, ryokotanakadgf@outlook.com, rmplusone@gmail.com, patbass182@gmail.com, superevil18@yahoo.com",,[NV SOS Filing: BETTER ASSETS INC] -> https://esos.nv.gov/EntitySearch/OnlineEntitySearch | OpenCorporates: https://opencorporates.com/companies/us_nv?q=BETTER%20ASSETS%20INC ; [Clark County Assessor Parcel Record APN 162-25-111-126] -> https://maps.clarkcountynv.gov/assessor/AssessorParcelDetail/parcel.aspx?apn=16225111126 ; [Investor Business Website] -> https://betterassetsinc.com
"3504 Trilogy Dr, Las Vegas, NV 89108",Individual,Unknown Buyer,Unassigned,,,,,"(702) 203-4374 (Susan L White - Tenant/Res), (702) 203-4374 (Ryan C White - Tenant/Res)",,,"susanvanbenthuysen@yahoo.com, ryancwhite10@gmail.com, sueleevan@hotmail.com",[Clark County Assessor Deed Search] -> https://www.clarkcountynv.gov/government/assessor/ ; [Clark County Assessor Parcel Record APN 138-12-314-014] -> https://maps.clarkcountynv.gov/assessor/AssessorParcelDetail/parcel.aspx?apn=13812314014
"7561 Lorinda Ave, Las Vegas, NV 89128",MOVE MADE SIMPLE LLC,IMELDA PROBST,Active Managing Member,,,(702) 604-4595 (Office),Toni Yvette Burrell (Co-Buyer),,,,,[NV SOS Filing: MOVE MADE SIMPLE LLC] -> https://esos.nv.gov/EntitySearch/OnlineEntitySearch | OpenCorporates: https://opencorporates.com/companies/us_nv?q=MOVE%20MADE%20SIMPLE%20LLC ; [Clark County Assessor Parcel Record APN 138-22-110-038] -> https://maps.clarkcountynv.gov/assessor/AssessorParcelDetail/parcel.aspx?apn=13822110038
"370 Rushing Creek Ct, Henderson, NV 89014",PLOT PROPERTY GROUP LLC,VLADIMIR PLOTNIKOV,Active Managing Member,(702) 496-0736,(702) 580-3175,,"(702) 695-9273 (Victor Plotnikov - Relative), (702) 580-3175 (Ioulia Plotnikova - Relative)","(702) 202-6715 (Angela M Gramke - Tenant/Res), (725) 666-5226 (Angela M Gramke - Tenant/Res), (702) 239-1247 (Angela M Gramke - Tenant/Res)",,"plotnikov74@netzero.net, plotnikov@cs.com","victorplot8@gmail.com, victor.plot.8@icloud.com, cindygramke@outlook.com",[NV SOS Filing: PLOT PROPERTY GROUP LLC] -> https://esos.nv.gov/EntitySearch/OnlineEntitySearch | OpenCorporates: https://opencorporates.com/companies/us_nv?q=PLOT%20PROPERTY%20GROUP%20LLC ; [Clark County Assessor Parcel Record APN 178-08-513-049] -> https://maps.clarkcountynv.gov/assessor/AssessorParcelDetail/parcel.aspx?apn=17808513049 ; [Entity Registry Record] -> https://opencorporates.com/companies/us_nv/E0038872017-9
"4233 Glass Lantern Dr, Las Vegas NV 89032",YESDCT LLC,GLORIA DIAZ DE CASTANEDA,Active Managing Member,,,,,"(702) 580-3175 (Alexandre P Plotnikov - Tenant/Res), (702) 496-0736 (Vladimir Plotnikov - Tenant/Res), (702) 695-9273 (Victor Plotnikov - Tenant/Res), (702) 202-6715 (Angela M Gramke - Tenant/Res)",,,"plotnikov74@netzero.net, victorplot8@gmail.com, cindygramke@outlook.com",[NV SOS Filing: YESDCT LLC] -> https://esos.nv.gov/EntitySearch/OnlineEntitySearch | OpenCorporates: https://opencorporates.com/companies/us_nv?q=YESDCT%20LLC ; [Clark County Assessor Parcel Record APN 139-05-710-031] -> https://maps.clarkcountynv.gov/assessor/AssessorParcelDetail/parcel.aspx?apn=13905710031
"2333 Cardiff Ln Unit C, Las Vegas NV 89108",ALCHEMY INVESTMENTS LLC,CASEY RYAN,Active Managing Member,(725) 227-5761,(702) 824-7270,"(702) 331-1879 (Kevin Lang - Partner), (760) 952-2234 (Kevin Lang - Partner)",,,,,"casey@webuyanyvegashouse.com, kevin.lang@swgas.com",,[NV SOS Filing: ALCHEMY INVESTMENTS LLC] -> https://esos.nv.gov/EntitySearch/OnlineEntitySearch | OpenCorporates: https://opencorporates.com/companies/us_nv?q=ALCHEMY%20INVESTMENTS%20LLC ; [Clark County Assessor Parcel Record APN 138-24-111-023] -> https://maps.clarkcountynv.gov/assessor/AssessorParcelDetail/parcel.aspx?apn=13824111023 ; [Investor Business Website] -> https://webuyanyvegashouse.com
"3939 Meadowglen Dr, Las Vegas, NV 89121",ELO EQUITY GROUP LLC,NICHOLAS ELO,Active Managing Member,,,,,"(702) 564-3762 (Antoinette C Ortiz - Tenant/Res), (702) 750-5964 (Antoinette C Ortiz - Tenant/Res)",,,antbrewer031613@gmail.com,[NV SOS Filing: ELO EQUITY GROUP LLC] -> https://esos.nv.gov/EntitySearch/OnlineEntitySearch | OpenCorporates: https://opencorporates.com/companies/us_nv?q=ELO%20EQUITY%20GROUP%20LLC ; [Clark County Assessor Parcel Record APN 161-19-510-015] -> https://maps.clarkcountynv.gov/assessor/AssessorParcelDetail/parcel.aspx?apn=16119510015
"208 Lorenzi St, Las Vegas, NV 89107",Individual,"ROSALES, RAUL",Individual Buyer,(702) 431-8073,(702) 436-5959,(702) 972-9202,"(702) 445-5170, Francisco J Hernandez Mateo (Co-Buyer)",,,,,,"[Clark County Public Records: ROSALES, RAUL] -> https://www.clarkcountynv.gov/government/assessor/ ; [Clark County Assessor Parcel Record APN 138-34-522-020] -> https://maps.clarkcountynv.gov/assessor/AssessorParcelDetail/parcel.aspx?apn=13834522020"
"1012 Cadiz Ave, Henderson, NV 89015",BETTER ASSETS INC,RYOKO V TANAKA,Active President / Officer,(702) 843-3516,(702) 815-9681,,,,,"(702) 580-4762 (Connie F Mcclelland - Tenant/Res), (775) 309-0511 (Connie F Mcclelland - Tenant/Res), (865) 458-8982 (Dennis C Davis - Tenant/Res), (775) 392-2168 (Dennis C Davis - Tenant/Res)",,"rom@betterassetsinc.com, james@betterassetsinc.com","crigor@netzero.net, giddyupgma@gmail.com, crigor@state.nv.us, dc.davis@charter.net",[NV SOS Filing: BETTER ASSETS INC] -> https://esos.nv.gov/EntitySearch/OnlineEntitySearch | OpenCorporates: https://opencorporates.com/companies/us_nv?q=BETTER%20ASSETS%20INC ; [Clark County Assessor Parcel Record APN 179-04-507-009] -> https://maps.clarkcountynv.gov/assessor/AssessorParcelDetail/parcel.aspx?apn=17904507009 ; [Investor Business Website] -> https://betterassetsinc.com
"3972 Maple Hill Rd, Las Vegas, NV 89115",Individual,Unknown Buyer,Unassigned,,,,,,,,,[Clark County Assessor Deed Search] -> https://www.clarkcountynv.gov/government/assessor/ ; [Clark County Assessor Parcel Record APN 140-06-712-006] -> https://maps.clarkcountynv.gov/assessor/AssessorParcelDetail/parcel.aspx?apn=14006712006
"4506 Palencia Ave, Las Vegas, NV 89121",Individual,"ENGS, STUART R JR EE",Individual Buyer,,,,,,,,,"[Clark County Public Records: ENGS, STUART R JR EE] -> https://www.clarkcountynv.gov/government/assessor/ ; [Clark County Assessor Parcel Record APN 161-20-114-023] -> https://maps.clarkcountynv.gov/assessor/AssessorParcelDetail/parcel.aspx?apn=16120114023"
"2210 E Desert Inn Rd, Winchester, NV 89169",REAL ESTATE ROCK LV LLC,KARLA CARDENAS,Active Managing Member,,,,,"(702) 466-4403 (Joyce J Addabbo - Tenant/Res), (857) 492-5817 (Kevin S Burke - Tenant/Res)",,,"joyaadd@aol.com, s5queek2y@aol.com, jaddabbo@ccsd.net, kevinb163@gmail.com",[NV SOS Filing: REAL ESTATE ROCK LV LLC] -> https://esos.nv.gov/EntitySearch/OnlineEntitySearch | OpenCorporates: https://opencorporates.com/companies/us_nv?q=REAL%20ESTATE%20ROCK%20LV%20LLC ; [Clark County Assessor Parcel Record APN 162-11-816-025] -> https://maps.clarkcountynv.gov/assessor/AssessorParcelDetail/parcel.aspx?apn=16211816025
"3869 Rawhide St, Las Vegas, NV 89120",FLIP SIDE PROPERTIES LLC,DOUG CHRISTENSEN,Active Managing Member,,,(702) 247-2477 (Office),,"(702) 263-5764 (Lorraine T Meesenburg - Tenant/Res), (702) 300-3884 (Lorraine T Meesenburg - Tenant/Res), (702) 263-9024 (Lorraine T Meesenburg - Tenant/Res)",,doug@247companiesnow.com,"lorainie@earthlink.net, godeliver@yahoo.com",[NV SOS Filing: FLIP SIDE PROPERTIES LLC] -> https://esos.nv.gov/EntitySearch/OnlineEntitySearch | OpenCorporates: https://opencorporates.com/companies/us_nv?q=FLIP%20SIDE%20PROPERTIES%20LLC ; [Clark County Assessor Parcel Record APN 161-30-801-062] -> https://maps.clarkcountynv.gov/assessor/AssessorParcelDetail/parcel.aspx?apn=16130801062 ; [Investor Business Website] -> https://247companiesnow.com
"6700 Snake River Ave, Las Vegas, NV 89130",ESP DESERT HOLDINGS LLC,BRYAN ESPINOSA MIRANDA,Active Managing Member,,,,,"(702) 263-5764 (Lorraine T Meesenburg - Tenant/Res), (702) 300-3884 (Lorraine T Meesenburg - Tenant/Res), (702) 263-9024 (Lorraine T Meesenburg - Tenant/Res)",,,"lorainie@earthlink.net, godeliver@yahoo.com",[NV SOS Filing: ESP DESERT HOLDINGS LLC] -> https://esos.nv.gov/EntitySearch/OnlineEntitySearch | OpenCorporates: https://opencorporates.com/companies/us_nv?q=ESP%20DESERT%20HOLDINGS%20LLC ; [Clark County Assessor Parcel Record APN 125-34-614-026] -> https://maps.clarkcountynv.gov/assessor/AssessorParcelDetail/parcel.aspx?apn=12534614026
"5022 Long View Dr, Las Vegas, NV 89120",GO GRIZZLIES LLC,LORRAINE T MEESENBURG,Active Managing Member,(702) 263-5764,(702) 300-3884,(702) 263-9024,,,,"lorainie@earthlink.net, godeliver@yahoo.com",,[NV SOS Filing: GO GRIZZLIES LLC] -> https://esos.nv.gov/EntitySearch/OnlineEntitySearch | OpenCorporates: https://opencorporates.com/companies/us_nv?q=GO%20GRIZZLIES%20LLC ; [Clark County Assessor Parcel Record APN 161-30-511-030] -> https://maps.clarkcountynv.gov/assessor/AssessorParcelDetail/parcel.aspx?apn=16130511030 ; [NV SOS Entity Search] -> https://esos.nv.gov/EntitySearch/OnlineEntitySearch?q=GO+GRIZZLIES
"2958 Ferndale St, Las Vegas, NV 89121",Individual,Unknown Buyer,Unassigned,,,,,,,,"kennorris38@gmail.com, knnthnorris@yahoo.com",[Clark County Assessor Deed Search] -> https://www.clarkcountynv.gov/government/assessor/ ; [Clark County Assessor Parcel Record APN 161-08-310-051] -> https://maps.clarkcountynv.gov/assessor/AssessorParcelDetail/parcel.aspx?apn=16108310051
"4309 Mott Circle, Las Vegas, NV 89102",ALPHA INVESTMENT GROUP INC,LYONEL LAMAUTE,Active President / Officer,(702) 277-6207,(702) 878-9315,,,,,"fmelaerts@gmail.com, fmelaerts15@gmail.com, francoismelaerts86@gmail.com",,[NV SOS Filing: ALPHA INVESTMENT GROUP INC] -> https://esos.nv.gov/EntitySearch/OnlineEntitySearch | OpenCorporates: https://opencorporates.com/companies/us_nv?q=ALPHA%20INVESTMENT%20GROUP%20INC ; [Clark County Assessor Parcel Record APN 162-07-610-030] -> https://maps.clarkcountynv.gov/assessor/AssessorParcelDetail/parcel.aspx?apn=16207610030 ; [NV SOS Entity Search] -> https://esos.nv.gov/EntitySearch/OnlineEntitySearch?q=ALPHA+INVESTMENT+GROUP
"2579 Diamante Ct, Las Vegas, NV 89121",Individual,Unknown Buyer,Unassigned,,,,,"(702) 732-1281 (Brent A Andrus - Tenant/Res), (702) 586-8290 (Brent A Andrus - Tenant/Res), (702) 327-2042 (Brent A Andrus - Tenant/Res), (702) 732-1281 (Deeanna Andrus - Tenant/Res), (702) 586-8290 (Deeanna Andrus - Tenant/Res), (702) 327-2042 (Deeanna Andrus - Tenant/Res)",,,"sa_andrus@yahoo.com, parrotperc@aol.com",[Clark County Assessor Deed Search] -> https://www.clarkcountynv.gov/government/assessor/ ; [Clark County Assessor Parcel Record APN 162-24-115-008] -> https://maps.clarkcountynv.gov/assessor/AssessorParcelDetail/parcel.aspx?apn=16224115008
"600 S 11th St, Las Vegas, NV 89101",Individual,Unknown Buyer,Unassigned,,,,,,,,,[Clark County Assessor Deed Search] -> https://www.clarkcountynv.gov/government/assessor/ ; [Clark County Assessor Parcel Record APN 139-34-811-015] -> https://maps.clarkcountynv.gov/assessor/AssessorParcelDetail/parcel.aspx?apn=13934811015
"220 N Ronald Ln, Las Vegas, NV 89110",SCARF LLC,HENRY KOW,Active Managing Member,(630) 303-3530,,(702) 437-1910 (Pablo Covarrubias - Partner),,,,henry02kow@gmail.com,,[NV SOS Filing: SCARF LLC] -> https://esos.nv.gov/EntitySearch/OnlineEntitySearch | OpenCorporates: https://opencorporates.com/companies/us_nv?q=SCARF%20LLC ; [Clark County Assessor Parcel Record APN 140-31-711-026] -> https://maps.clarkcountynv.gov/assessor/AssessorParcelDetail/parcel.aspx?apn=14031711026
"6316 Monarch Creek St, Las Vegas NV 89130",Individual,"FU, ZAO",Individual Buyer,,,,"WANG, MENG (Co-Buyer)",,,,"jerryhaught369@gmail.com, nicholasab4747@gmail.com, redrosterfox47@gmail.com, rosterfox04@gmail.com","[Clark County Public Records: FU, ZAO] -> https://www.clarkcountynv.gov/government/assessor/ ; [Clark County Assessor Parcel Record APN 125-25-511-017] -> https://maps.clarkcountynv.gov/assessor/AssessorParcelDetail/parcel.aspx?apn=12525511017"
"1400 Palantine Hill Dr, Las Vegas, NV 89117",Individual,Unknown Buyer,Unassigned,,,,,"(914) 909-4096 (Brad J Ellish Jr. - Tenant/Res), (914) 703-1302 (Brad J Ellish Jr. - Tenant/Res), (845) 357-9112 (Brad J Ellish Jr. - Tenant/Res), (845) 507-0361 (Max Ellish - Tenant/Res), (917) 596-1975 (Rebecca C Schwartz - Tenant/Res)",,,"bje7@aol.com, ellish.2@osu.edu, ellishwills@gmail.com, maxellish1@gmail.com, rrfs1@aol.com",[Clark County Assessor Deed Search] -> https://www.clarkcountynv.gov/government/assessor/ ; [Clark County Assessor Parcel Record APN 163-06-519-014] -> https://maps.clarkcountynv.gov/assessor/AssessorParcelDetail/parcel.aspx?apn=16306519014
"4339 Gibraltar Way, Las Vegas, NV 89121",Individual,Unknown Buyer,Unassigned,,,,,"(909) 913-2787 (Roman G Ramirez - Tenant/Res), (702) 416-0958 (Roman G Ramirez - Tenant/Res), (702) 587-0372 (Amelia E Garcia - Tenant/Res), (702) 945-7459 (Amelia E Garcia - Tenant/Res), (702) 628-0345 (Amelia E Garcia - Tenant/Res)",,,"dizzypomona1213@gmail.com, gabrielroman723@yahoo.com, geovaniandjordan@gmail.com, niteowlesl@gmail.com, ramirezroman838@gmail.com",[Clark County Assessor Deed Search] -> https://www.clarkcountynv.gov/government/assessor/ ; [Clark County Assessor Parcel Record APN 161-20-212-014] -> https://maps.clarkcountynv.gov/assessor/AssessorParcelDetail/parcel.aspx?apn=16120212014
"4531 Del Oro Dr, Las Vegas, NV 89102",BETTER ASSETS INC,RYOKO V TANAKA,Active President / Officer,(702) 843-3516,(702) 815-9681,,,,,"(909) 913-2787 (Roman G Ramirez - Tenant/Res), (702) 416-0958 (Roman G Ramirez - Tenant/Res), (702) 587-0372 (Amelia E Garcia - Tenant/Res), (702) 945-7459 (Amelia E Garcia - Tenant/Res), (702) 628-0345 (Amelia E Garcia - Tenant/Res)",,"rom@betterassetsinc.com, james@betterassetsinc.com","dizzypomona1213@gmail.com, gabrielroman723@yahoo.com, geovaniandjordan@gmail.com, niteowlesl@gmail.com, ramirezroman838@gmail.com",[NV SOS Filing: BETTER ASSETS INC] -> https://esos.nv.gov/EntitySearch/OnlineEntitySearch | OpenCorporates: https://opencorporates.com/companies/us_nv?q=BETTER%20ASSETS%20INC ; [Clark County Assessor Parcel Record APN 162-07-410-102] -> https://maps.clarkcountynv.gov/assessor/AssessorParcelDetail/parcel.aspx?apn=16207410102 ; [Investor Business Website] -> https://betterassetsinc.com
"864 Parkhurst St, Las Vegas, NV 89110",TORITO HOMES LLC,ABIGAIL BARAJAS,Active Managing Member,,,,,"(702) 459-8903 (Ronald Hewlett - Tenant/Res), (702) 459-6124 (Ronald Hewlett - Tenant/Res)",,,,,[NV SOS Filing: TORITO HOMES LLC] -> https://esos.nv.gov/EntitySearch/OnlineEntitySearch | OpenCorporates: https://opencorporates.com/companies/us_nv?q=TORITO%20HOMES%20LLC ; [Clark County Assessor Parcel Record APN 140-30-312-002] -> https://maps.clarkcountynv.gov/assessor/AssessorParcelDetail/parcel.aspx?apn=14030312002 ; [NV SOS Entity Search] -> https://esos.nv.gov/EntitySearch/OnlineEntitySearch?q=TORITO+HOMES
"3909 Sequoia Ave, Las Vegas NV 89110",ALCHEMY INVESTMENTS LLC,CASEY RYAN,Active Managing Member,(725) 227-5761,(702) 824-7270,"(702) 331-1879 (Kevin Lang - Partner), (760) 952-2234 (Kevin Lang - Partner)",,"(702) 431-2018 (Denise E Boyd - Tenant/Res), (702) 265-7740 (Denise E Boyd - Tenant/Res), (619) 288-1373 (Laura J Best - Tenant/Res)",,"casey@webuyanyvegashouse.com, kevin.lang@swgas.com","chadc_boyd@yahoo.com, laurabest1974@gmail.com, lauracbest@gmail.com, laurajhaynes1974@gmail.com, vgasdeb@gmail.com, vgasdeb@mail.com",[NV SOS Filing: ALCHEMY INVESTMENTS LLC] -> https://esos.nv.gov/EntitySearch/OnlineEntitySearch | OpenCorporates: https://opencorporates.com/companies/us_nv?q=ALCHEMY%20INVESTMENTS%20LLC ; [Clark County Assessor Parcel Record APN 140-30-112-040] -> https://maps.clarkcountynv.gov/assessor/AssessorParcelDetail/parcel.aspx?apn=14030112040 ; [Investor Business Website] -> https://webuyanyvegashouse.com
"4124 Autumn St, Las Vegas, NV 89120",GO GRIZZLIES LLC,LORRAINE T MEESENBURG,Active Managing Member,(702) 263-5764,(702) 300-3884,(702) 263-9024,,"(702) 454-7074 (Rosemary A Lowe - Tenant/Res), (702) 434-2018 (Rosemary A Lowe - Tenant/Res), (702) 587-8025 (Rosemary A Lowe - Tenant/Res)",,"lorainie@earthlink.net, godeliver@yahoo.com",mytime_2@yahoo.com,[NV SOS Filing: GO GRIZZLIES LLC] -> https://esos.nv.gov/EntitySearch/OnlineEntitySearch | OpenCorporates: https://opencorporates.com/companies/us_nv?q=GO%20GRIZZLIES%20LLC ; [Clark County Assessor Parcel Record APN 161-30-512-130] -> https://maps.clarkcountynv.gov/assessor/AssessorParcelDetail/parcel.aspx?apn=16130512130 ; [NV SOS Entity Search] -> https://esos.nv.gov/EntitySearch/OnlineEntitySearch?q=GO+GRIZZLIES
"2708 Camphor Tree St, Las Vegas NV 89108",Individual,"ENGS, STUART R JR EE",Individual Buyer,,,,,"(702) 240-5193 (Marion C Barker - Tenant/Res), (702) 557-8474 (Erin N Barker - Tenant/Res), (702) 917-9916 (Erin N Barker - Tenant/Res), (702) 656-1312 (Erin N Barker - Tenant/Res), (702) 472-0553 (Jocelyn Moore - Tenant/Res), (702) 482-4753 (Jocelyn Moore - Tenant/Res)",,,"brooklynmoore606@gmail.com, connie2be@aol.com, jocelyn.moore@gmail.com, vjohncenagurl07z3@hotmail.com","[Clark County Public Records: ENGS, STUART R JR EE] -> https://www.clarkcountynv.gov/government/assessor/ ; [Clark County Assessor Parcel Record APN 138-14-310-044] -> https://maps.clarkcountynv.gov/assessor/AssessorParcelDetail/parcel.aspx?apn=13814310044"
"529 Amethyst, Henderson, NV 89015",BETTER ASSETS INC,RYOKO V TANAKA,Active President / Officer,(702) 843-3516,(702) 815-9681,,,,,"rom@betterassetsinc.com, james@betterassetsinc.com",,[NV SOS Filing: BETTER ASSETS INC] -> https://esos.nv.gov/EntitySearch/OnlineEntitySearch | OpenCorporates: https://opencorporates.com/companies/us_nv?q=BETTER%20ASSETS%20INC ; [Clark County Assessor Parcel Record APN 179-20-710-034] -> https://maps.clarkcountynv.gov/assessor/AssessorParcelDetail/parcel.aspx?apn=17920710034 ; [Investor Business Website] -> https://betterassetsinc.com
"6225 Alta Dr, Las Vegas, NV 89107",VANGUARD CREST HOLDINGS LLC,WILLIAM D CULVER,Active Managing Member,,,,,,,,,[NV SOS Filing: VANGUARD CREST HOLDINGS LLC] -> https://esos.nv.gov/EntitySearch/OnlineEntitySearch | OpenCorporates: https://opencorporates.com/companies/us_nv?q=VANGUARD%20CREST%20HOLDINGS%20LLC ; [Clark County Assessor Parcel Record APN 138-35-710-016] -> https://maps.clarkcountynv.gov/assessor/AssessorParcelDetail/parcel.aspx?apn=13835710016
"3454 Bankside Dr, Las Vegas, NV 89129",ALPHA INVESTMENT GROUP INC,FRANCOIS J MELAERTS,Active President / Officer,(702) 277-6207,(702) 878-9315,,"(702) 646-7619 (Frank Melaerts - Relative), (702) 810-6156 (Linda B Melaerts - Relative)",,,"fmelaerts@gmail.com, fmelaerts15@gmail.com, francois72286@gmail.com, francoismelaerts86@gmail.com, lindamelaerts@gmail.com",samueltiffany90@yahoo.com,[NV SOS Filing: ALPHA INVESTMENT GROUP INC] -> https://esos.nv.gov/EntitySearch/OnlineEntitySearch | OpenCorporates: https://opencorporates.com/companies/us_nv?q=ALPHA%20INVESTMENT%20GROUP%20INC ; [Clark County Assessor Parcel Record APN 138-08-315-045] -> https://maps.clarkcountynv.gov/assessor/AssessorParcelDetail/parcel.aspx?apn=13808315045 ; [NV SOS Entity Search] -> https://esos.nv.gov/EntitySearch/OnlineEntitySearch?q=ALPHA+INVESTMENT+GROUP
"8425 Airmont Ct, Las Vegas, NV 89128",FLIP SIDE PROPERTIES LLC,DOUG CHRISTENSEN,Active Managing Member,,,(702) 247-2477 (Office),,,,doug@247companiesnow.com,,[NV SOS Filing: FLIP SIDE PROPERTIES LLC] -> https://esos.nv.gov/EntitySearch/OnlineEntitySearch | OpenCorporates: https://opencorporates.com/companies/us_nv?q=FLIP%20SIDE%20PROPERTIES%20LLC ; [Clark County Assessor Parcel Record APN 138-16-311-021] -> https://maps.clarkcountynv.gov/assessor/AssessorParcelDetail/parcel.aspx?apn=13816311021 ; [Investor Business Website] -> https://247companiesnow.com
"109 N Princeton St, Las Vegas, NV 89107",MONACO PRO KITCHENS LLC,JOSE MADINA QUINTERO,Active Managing Member,,,,KIMBERLY ANN BAEZ (Co-Buyer),,,,,[NV SOS Filing: MONACO PRO KITCHENS LLC] -> https://esos.nv.gov/EntitySearch/OnlineEntitySearch | OpenCorporates: https://opencorporates.com/companies/us_nv?q=MONACO%20PRO%20KITCHENS%20LLC ; [Clark County Assessor Parcel Record APN 138-25-812-105] -> https://maps.clarkcountynv.gov/assessor/AssessorParcelDetail/parcel.aspx?apn=13825812105
"9836 Kernville Dr, Las Vegas, NV 89134",CAJIE LLC,JONATHAN JACOBS,Active Managing Member,,,,,,,,,[NV SOS Filing: CAJIE LLC] -> https://esos.nv.gov/EntitySearch/OnlineEntitySearch | OpenCorporates: https://opencorporates.com/companies/us_nv?q=CAJIE%20LLC ; [Clark County Assessor Parcel Record APN 138-18-416-032] -> https://maps.clarkcountynv.gov/assessor/AssessorParcelDetail/parcel.aspx?apn=13818416032
"1511 Living Desert Dr #B, Las Vegas, NV 89119",OPENDORR PROPERTY TRUST I,Managing Member / Officer,Active Trust / Entity,,,,,,,,,[NV SOS Filing: OPENDORR PROPERTY TRUST I] -> https://esos.nv.gov/EntitySearch/OnlineEntitySearch | OpenCorporates: https://opencorporates.com/companies/us_nv?q=OPENDORR%20PROPERTY%20TRUST%20I ; [Clark County Assessor Parcel Record APN 162-23-315-014] -> https://maps.clarkcountynv.gov/assessor/AssessorParcelDetail/parcel.aspx?apn=16223315014
"10332 Falls Church Ave, Las Vegas, NV 89144",PLOT PROPERTY GROUP LLC,VLADIMIR PLOTNIKOV,Active Managing Member,(702) 496-0736,(702) 580-3175,,,,,"plotnikov74@netzero.net, plotnikov@cs.com",,[NV SOS Filing: PLOT PROPERTY GROUP LLC] -> https://esos.nv.gov/EntitySearch/OnlineEntitySearch | OpenCorporates: https://opencorporates.com/companies/us_nv?q=PLOT%20PROPERTY%20GROUP%20LLC ; [Clark County Assessor Parcel Record APN 137-25-519-001] -> https://maps.clarkcountynv.gov/assessor/AssessorParcelDetail/parcel.aspx?apn=13725519001 ; [Entity Registry Record] -> https://opencorporates.com/companies/us_nv/E0038872017-9
"3725 Covewick Dr, North Las Vegas, NV 89032",Individual,Unknown Buyer,Unassigned,,,,,,,,,[Clark County Assessor Deed Search] -> https://www.clarkcountynv.gov/government/assessor/ ; [Clark County Assessor Parcel Record APN 139-09-217-024] -> https://maps.clarkcountynv.gov/assessor/AssessorParcelDetail/parcel.aspx?apn=13909217024
"5197 Andover Dr, Las Vegas, NV 89122",ALCHEMY INVESTMENTS LLC,CASEY RYAN,Active Managing Member,(725) 227-5761,(702) 824-7270,"(702) 331-1879 (Kevin Lang - Partner), (760) 952-2234 (Kevin Lang - Partner)",,"(661) 240-3182 (Aaron Martinez - Tenant/Res), (818) 456-6688 (Jaclyn A Miyake IV - Tenant/Res), (702) 685-8690 (Jaclyn A Miyake IV - Tenant/Res), (702) 423-1813 (Jaclyn A Miyake IV - Tenant/Res)",,"casey@webuyanyvegashouse.com, kevin.lang@swgas.com","atarahsbiggirl@gmail.com, cruzangirl1@hotmail.com, jonathancasey@gmail.com, mrgroove10101@icloud.com, tiaragirlworld@gmail.com",[NV SOS Filing: ALCHEMY INVESTMENTS LLC] -> https://esos.nv.gov/EntitySearch/OnlineEntitySearch | OpenCorporates: https://opencorporates.com/companies/us_nv?q=ALCHEMY%20INVESTMENTS%20LLC ; [Clark County Assessor Parcel Record APN 161-28-613-044] -> https://maps.clarkcountynv.gov/assessor/AssessorParcelDetail/parcel.aspx?apn=16128613044 ; [Investor Business Website] -> https://webuyanyvegashouse.com
"55 Sirnoble St, Las Vegas, NV 89110",Individual,Unknown Buyer,Unassigned,,,,,"(702) 558-9015 (Juan D Castillo - Tenant/Res), (702) 708-6551 (Juan D Castillo - Tenant/Res), (702) 567-1778 (Josephine M Castillo - Tenant/Res), (951) 704-3794 (Dexter B Barnett - Tenant/Res), (951) 247-3505 (Dexter B Barnett - Tenant/Res)",,,"bdexter3200@gmail.com, david_castillo@hotmail.com, david_castillo@live.com, dbarnett@valleycollege.edu, j0j0marie@yahoo.com, jojocastle230969@gmail.com",[Clark County Assessor Deed Search] -> https://www.clarkcountynv.gov/government/assessor/ ; [Clark County Assessor Parcel Record APN 140-33-415-115] -> https://maps.clarkcountynv.gov/assessor/AssessorParcelDetail/parcel.aspx?apn=14033415115
"322 Redondo St, Henderson, NV 89014",PN II INC REDONDO STREET SERIES OF QUARTER MOON ENTERPRISES LLC,Managing Member / Officer,Active Entity,,,,,,,,,[NV SOS Filing: PN II INC REDONDO STREET SERIES OF QUARTER MOON ENTERPRISES LLC] -> https://esos.nv.gov/EntitySearch/OnlineEntitySearch | OpenCorporates: https://opencorporates.com/companies/us_nv?q=PN%20II%20INC%20REDONDO%20STREET%20SERIES%20OF%20QUARTER%20MOON%20ENTERPRISES%20LLC ; [Clark County Assessor Parcel Record APN 178-09-216-035] -> https://maps.clarkcountynv.gov/assessor/AssessorParcelDetail/parcel.aspx?apn=17809216035
"160 Lailani St, Las Vegas, NV 89110",LIANA FREY HOLDINGS LLC,JEFFREY EHLERT,Active Managing Member,,,,,"(702) 431-2018 (Denise E Boyd - Tenant/Res), (702) 265-7740 (Denise E Boyd - Tenant/Res)",,,"chadc_boyd@yahoo.com, shyanne.laurie@gmail.com, shyannelaurie@gmail.com, vgasdeb@gmail.com, vgasdeb@mail.com",[NV SOS Filing: LIANA FREY HOLDINGS LLC] -> https://esos.nv.gov/EntitySearch/OnlineEntitySearch | OpenCorporates: https://opencorporates.com/companies/us_nv?q=LIANA%20FREY%20HOLDINGS%20LLC ; [Clark County Assessor Parcel Record APN 140-34-810-019] -> https://maps.clarkcountynv.gov/assessor/AssessorParcelDetail/parcel.aspx?apn=14034810019
"1413 Pine Leaf Dr, Las Vegas, NV 89144",Individual,Unknown Buyer,Unassigned,,,,,"(702) 431-2018 (Denise E Boyd - Tenant/Res), (702) 265-7740 (Denise E Boyd - Tenant/Res)",,,"chadc_boyd@yahoo.com, shyanne.laurie@gmail.com, shyannelaurie@gmail.com, vgasdeb@gmail.com, vgasdeb@mail.com",[Clark County Assessor Deed Search] -> https://www.clarkcountynv.gov/government/assessor/ ; [Clark County Assessor Parcel Record APN 137-26-514-002] -> https://maps.clarkcountynv.gov/assessor/AssessorParcelDetail/parcel.aspx?apn=13726514002
"2200 E Evans Ave, North Las Vegas, NV 89030",HUBBSELEVATION LLC,TYLER HUBBS,Active Managing Member,(702) 769-6744,,,,"(702) 207-9027 (Tania Real - Tenant/Res), (702) 772-5810 (Tania Real - Tenant/Res)",,tyler@hubbshomes.com,"tania_r_r@live.com, veronica193570@gmail.com",[NV SOS Filing: HUBBSELEVATION LLC] -> https://esos.nv.gov/EntitySearch/OnlineEntitySearch | OpenCorporates: https://opencorporates.com/companies/us_nv?q=HUBBSELEVATION%20LLC ; [Clark County Assessor Parcel Record APN 139-14-615-019] -> https://maps.clarkcountynv.gov/assessor/AssessorParcelDetail/parcel.aspx?apn=13914615019 ; [Investor Business Website] -> https://hubbshomes.com
"71 Church St, Henderson, NV 89015",Individual,Unknown Buyer,Unassigned,,,,,"(702) 207-9027 (Tania Real - Tenant/Res), (702) 772-5810 (Tania Real - Tenant/Res)",,,"tania_r_r@live.com, veronica193570@gmail.com",[Clark County Assessor Deed Search] -> https://www.clarkcountynv.gov/government/assessor/ ; [Clark County Assessor Parcel Record APN 179-18-510-022] -> https://maps.clarkcountynv.gov/assessor/AssessorParcelDetail/parcel.aspx?apn=17918510022
"1512 Sapphire Springs Cir, Las Vegas NV 89108",LEGACY HOME INVESTMENTS LLC,CHRISTINE JOHNSON,Active Managing Member,,,,,,,,parasu@juno.com,,[NV SOS Filing: LEGACY HOME INVESTMENTS LLC] -> https://esos.nv.gov/EntitySearch/OnlineEntitySearch | OpenCorporates: https://opencorporates.com/companies/us_nv?q=LEGACY%20HOME%20INVESTMENTS%20LLC ; [Clark County Assessor Parcel Record APN 138-26-510-075] -> https://maps.clarkcountynv.gov/assessor/AssessorParcelDetail/parcel.aspx?apn=13826510075
"3051 Morning Springs Dr, Henderson, NV 89074",BOB MILLER INVESTMENT PROPERTIES LLC,KENNY MILLER,Active Managing Member,,,,,,,,parasu@juno.com,,[NV SOS Filing: BOB MILLER INVESTMENT PROPERTIES LLC] -> https://esos.nv.gov/EntitySearch/OnlineEntitySearch | OpenCorporates: https://opencorporates.com/companies/us_nv?q=BOB%20MILLER%20INVESTMENT%20PROPERTIES%20LLC ; [Clark County Assessor Parcel Record APN 177-24-513-038] -> https://maps.clarkcountynv.gov/assessor/AssessorParcelDetail/parcel.aspx?apn=17724513038
"4507 Cory Pl, Las Vegas, NV 89107",BETTER ASSETS INC,RYOKO V TANAKA,Active President / Officer,(702) 843-3516,(702) 815-9681,,,,,"rom@betterassetsinc.com, james@betterassetsinc.com","missylilshit1961@gmail.com, sandychantal28@gmail.com, sperez9298@yahoo.com",[NV SOS Filing: BETTER ASSETS INC] -> https://esos.nv.gov/EntitySearch/OnlineEntitySearch | OpenCorporates: https://opencorporates.com/companies/us_nv?q=BETTER%20ASSETS%20INC ; [Clark County Assessor Parcel Record APN 139-31-410-072] -> https://maps.clarkcountynv.gov/assessor/AssessorParcelDetail/parcel.aspx?apn=13931410072 ; [Investor Business Website] -> https://betterassetsinc.com
"11832 Magliana St, Las Vegas, NV 89183",PLOT PROPERTY GROUP LLC,VLADIMIR PLOTNIKOV,Active Managing Member,(702) 496-0736,(702) 580-3175,,(702) 695-9273 (Victor Plotnikov - Relative),"(702) 353-9561 (Francis J Jendras - Tenant/Res), (702) 685-7395 (Francis J Jendras - Tenant/Res), (702) 376-8228 (John F Jendras - Tenant/Res), (425) 530-3102 (Lauren N Prisbrey - Tenant/Res), (206) 932-1263 (Lauren N Prisbrey - Tenant/Res)",,"plotnikov74@netzero.net, plotnikov@cs.com","fjendras5@gmail.com, jendrasjeffrey@gmail.com, lnftg11@gmail.com, risingren@msn.com, zenn2112@yahoo.com",[NV SOS Filing: PLOT PROPERTY GROUP LLC] -> https://esos.nv.gov/EntitySearch/OnlineEntitySearch | OpenCorporates: https://opencorporates.com/companies/us_nv?q=PLOT%20PROPERTY%20GROUP%20LLC ; [Clark County Assessor Parcel Record APN 191-04-310-091] -> https://maps.clarkcountynv.gov/assessor/AssessorParcelDetail/parcel.aspx?apn=19104310091 ; [Entity Registry Record] -> https://opencorporates.com/companies/us_nv/E0038872017-9
"248 Greyhawk, Henderson, NV 89074",Individual,Unknown Buyer,Unassigned,,,,,"(702) 814-2289 (Stanley Eccles - Tenant/Res), (702) 458-6887 (Gordone J Eccles - Tenant/Res), (702) 370-6703 (Gordone J Eccles - Tenant/Res), (702) 437-0769 (Bernd A Schmidt - Tenant/Res), (702) 756-9156 (Leesa Roberts - Tenant/Res)",,,"ecclesstanley1143@gmail.com, gordoneeccles@aol.com, justownit35@yahoo.com, leesa@shoelabworld.com, leesaroberts96@gmail.com, leese2216@gmail.com, staneccles4@gmail.com, stanley.eccles@gmail.com, stanley.eccles@hotmail.com",[Clark County Assessor Deed Search] -> https://www.clarkcountynv.gov/government/assessor/ ; [Clark County Assessor Search] -> https://maps.clarkcountynv.gov/assessor/AssessorParcelDetail/
"4360 E Comanche Dr, Pahrump, NV 89061",Individual,Unknown Buyer,Unassigned,,,,,"(702) 814-2289 (Stanley Eccles - Tenant/Res), (702) 458-6887 (Gordone J Eccles - Tenant/Res), (702) 370-6703 (Gordone J Eccles - Tenant/Res), (702) 437-0769 (Bernd A Schmidt - Tenant/Res), (702) 756-9156 (Leesa Roberts - Tenant/Res)",,,"ecclesstanley1143@gmail.com, gordoneeccles@aol.com, justownit35@yahoo.com, leesa@shoelabworld.com, leesaroberts96@gmail.com, leese2216@gmail.com, staneccles4@gmail.com, stanley.eccles@gmail.com, stanley.eccles@hotmail.com",[Clark County Assessor Deed Search] -> https://www.clarkcountynv.gov/government/assessor/ ; [Clark County Assessor Search] -> https://maps.clarkcountynv.gov/assessor/AssessorParcelDetail/
"486 Federman Dr, Las Vegas, NV 89123",Individual,Unknown Buyer,Unassigned,,,,,"(702) 332-7877 (Geoffrey L Perez - Tenant/Res), (702) 409-0650 (Geoffrey L Perez - Tenant/Res)",,,"bnpgeoffrey@yahoo.com, cris89123@yahoo.com, jeffperezz22@gmail.com",[Clark County Assessor Deed Search] -> https://www.clarkcountynv.gov/government/assessor/ ; [Clark County Assessor Parcel Record APN 177-15-311-062] -> https://maps.clarkcountynv.gov/assessor/AssessorParcelDetail/parcel.aspx?apn=17715311062
"1300 Rawhide St, Las Vegas, NV 89119",GO GRIZZLIES LLC,"FOXWORTHY, DERIN THOMAS",Buyer / Partner,(913) 634-7668,(702) 285-3416,(702) 263-5764 (Lorraine Meesenburg - Partner),,,,"savagerepublican@gmail.com, lorainie@earthlink.net",,[NV SOS Filing: GO GRIZZLIES LLC] -> https://esos.nv.gov/EntitySearch/OnlineEntitySearch | OpenCorporates: https://opencorporates.com/companies/us_nv?q=GO%20GRIZZLIES%20LLC ; [Clark County Assessor Parcel Record APN 162-26-314-020] -> https://maps.clarkcountynv.gov/assessor/AssessorParcelDetail/parcel.aspx?apn=16226314020 ; [NV SOS Entity Search] -> https://esos.nv.gov/EntitySearch/OnlineEntitySearch?q=GO+GRIZZLIES
"7069 Forest Vista St, Las Vegas, NV 89147",Individual,Unknown Buyer,Unassigned,,,,,"(913) 634-7668 (Derin C Foxworthy - Tenant/Res), (702) 285-3416 (Derin C Foxworthy - Tenant/Res)",,,savagerepublican@gmail.com,[Clark County Assessor Deed Search] -> https://www.clarkcountynv.gov/government/assessor/ ; [Clark County Assessor Parcel Record APN 163-22-618-033] -> https://maps.clarkcountynv.gov/assessor/AssessorParcelDetail/parcel.aspx?apn=16322618033
"3512 E Tonopah Ave, North Las Vegas, NV 89030",Individual,Unknown Buyer,Unassigned,,,,,"(702) 280-0310 (Maria I Payan - Tenant/Res), (702) 649-4093 (Maria I Payan - Tenant/Res), (702) 649-4093 (Jesus L Payan - Tenant/Res)",,,lorenzo10@gmail.com,[Clark County Assessor Deed Search] -> https://www.clarkcountynv.gov/government/assessor/ ; [Clark County Assessor Parcel Record APN 139-24-811-010] -> https://maps.clarkcountynv.gov/assessor/AssessorParcelDetail/parcel.aspx?apn=13924811010
"2525 Arenas St, Las Vegas, NV 89102",Individual,Unknown Buyer,Unassigned,,,,,"(702) 686-6665 (Christopher A Conger - Tenant/Res), (702) 740-6364 (Christopher A Conger - Tenant/Res), (702) 468-0111 (Christopher A Conger - Tenant/Res)",,,"chris52273@gmail.com, chris_conger52273@hotmail.com, chrisconger0573@hotmail.com, shepherd600@gmail.com",[Clark County Assessor Deed Search] -> https://www.clarkcountynv.gov/government/assessor/ ; [Clark County Assessor Parcel Record APN 162-07-513-026] -> https://maps.clarkcountynv.gov/assessor/AssessorParcelDetail/parcel.aspx?apn=16207513026
"5082 Palmyra Ave, Las Vegas, NV 89146",Individual,Unknown Buyer,Unassigned,,,,,,,,,[Clark County Assessor Deed Search] -> https://www.clarkcountynv.gov/government/assessor/ ; [Clark County Assessor Parcel Record APN 163-12-710-167] -> https://maps.clarkcountynv.gov/assessor/AssessorParcelDetail/parcel.aspx?apn=16312710167
"8957 Gray Quail Ct, Las Vegas, NV 89149",Individual,Unknown Buyer,Unassigned,,,,,,,,,[Clark County Assessor Deed Search] -> https://www.clarkcountynv.gov/government/assessor/ ; [Clark County Assessor Parcel Record APN 125-17-410-095] -> https://maps.clarkcountynv.gov/assessor/AssessorParcelDetail/parcel.aspx?apn=12517410095
"4722 Casa Bonita Dr, North Las Vegas, NV 89032",HUBBSELEVATION LLC,TYLER HUBBS,Active Managing Member,(702) 769-6744,,,,,,,"thubbs.he@gmail.com, tyler@hubbshomes.com",,[NV SOS Filing: HUBBSELEVATION LLC] -> https://esos.nv.gov/EntitySearch/OnlineEntitySearch | OpenCorporates: https://opencorporates.com/companies/us_nv?q=HUBBSELEVATION%20LLC ; [Clark County Assessor Parcel Record APN 139-07-214-003] -> https://maps.clarkcountynv.gov/assessor/AssessorParcelDetail/parcel.aspx?apn=13907214003 ; [Investor Business Website] -> https://hubbshomes.com
"2539 Masters Cir, Las Vegas, NV 89142",Individual,Unknown Buyer,Unassigned,,,,,,,,,[Clark County Assessor Deed Search] -> https://www.clarkcountynv.gov/government/assessor/ ; [Clark County Assessor Parcel Record APN 161-09-110-084] -> https://maps.clarkcountynv.gov/assessor/AssessorParcelDetail/parcel.aspx?apn=16109110084
"3473 Happy Jack Dr, Las Vegas, NV 89115",BETTER ASSETS INC,RYOKO V TANAKA,Active President / Officer,(702) 843-3516,(702) 815-9681,,,,,"rom@betterassetsinc.com, james@betterassetsinc.com",,[NV SOS Filing: BETTER ASSETS INC] -> https://esos.nv.gov/EntitySearch/OnlineEntitySearch | OpenCorporates: https://opencorporates.com/companies/us_nv?q=BETTER%20ASSETS%20INC ; [Clark County Assessor Parcel Record APN 140-08-311-074] -> https://maps.clarkcountynv.gov/assessor/AssessorParcelDetail/parcel.aspx?apn=14008311074 ; [Investor Business Website] -> https://betterassetsinc.com
"4420 Berkley Ave, Las Vegas, NV 89110",Individual,Unknown Buyer,Unassigned,,,,,,,,,[Clark County Assessor Deed Search] -> https://www.clarkcountynv.gov/government/assessor/ ; [Clark County Assessor Parcel Record APN 140-32-310-158] -> https://maps.clarkcountynv.gov/assessor/AssessorParcelDetail/parcel.aspx?apn=14032310158
"2034 Wildwood Lake St, Henderson, NV 89052",SHARAN PROPERTIES LP INC,Managing Member / Officer,Active Entity,,,,,,,,,[NV SOS Filing: SHARAN PROPERTIES LP INC] -> https://esos.nv.gov/EntitySearch/OnlineEntitySearch | OpenCorporates: https://opencorporates.com/companies/us_nv?q=SHARAN%20PROPERTIES%20LP%20INC ; [Clark County Assessor Parcel Record APN 191-13-112-046] -> https://maps.clarkcountynv.gov/assessor/AssessorParcelDetail/parcel.aspx?apn=19113112046
"3895 Autumn St, Las Vegas, NV 89120",Individual,Unknown Buyer,Unassigned,,,,,,,,,[Clark County Assessor Deed Search] -> https://www.clarkcountynv.gov/government/assessor/ ; [Clark County Assessor Parcel Record APN 161-30-511-035] -> https://maps.clarkcountynv.gov/assessor/AssessorParcelDetail/parcel.aspx?apn=16130511035
"2135 N Castleberry Ln, Las Vegas, NV 89156",Individual,Unknown Buyer,Unassigned,,,,,,,,,[Clark County Assessor Deed Search] -> https://www.clarkcountynv.gov/government/assessor/ ; [Clark County Assessor Parcel Record APN 140-21-610-007] -> https://maps.clarkcountynv.gov/assessor/AssessorParcelDetail/parcel.aspx?apn=14021610007
"5166 S Jones Blvd #206, Las Vegas NV 89118",Individual,Unknown Buyer,Unassigned,,,,,,,,,[Clark County Assessor Deed Search] -> https://www.clarkcountynv.gov/government/assessor/ ; [Clark County Assessor Parcel Record APN 163-25-210-094] -> https://maps.clarkcountynv.gov/assessor/AssessorParcelDetail/parcel.aspx?apn=16325210094
"3477 Kensbrook St, Las Vegas, NV 89121",Individual,Unknown Buyer,Unassigned,,,,,,,,,[Clark County Assessor Deed Search] -> https://www.clarkcountynv.gov/government/assessor/ ; [Clark County Assessor Parcel Record APN 162-13-512-015] -> https://maps.clarkcountynv.gov/assessor/AssessorParcelDetail/parcel.aspx?apn=16213512015
"1418 E Red Sunset Ave, Henderson, NV 89074",Individual,Unknown Buyer,Unassigned,,,,,,,,,[Clark County Assessor Deed Search] -> https://www.clarkcountynv.gov/government/assessor/ ; [Clark County Assessor Parcel Record APN 178-09-714-014] -> https://maps.clarkcountynv.gov/assessor/AssessorParcelDetail/parcel.aspx?apn=17809714014
"4899 S Torrey Pines Dr Unit 201, Las Vegas, NV 89103",Individual,Unknown Buyer,Unassigned,,,,,,,,,[Clark County Assessor Deed Search] -> https://www.clarkcountynv.gov/government/assessor/ ; [Clark County Assessor Parcel Record APN 163-23-416-175] -> https://maps.clarkcountynv.gov/assessor/AssessorParcelDetail/parcel.aspx?apn=16323416175
"3824 W Rock Dove Way, North Las Vegas, NV 89084",Individual,Unknown Buyer,Unassigned,,,,,,,,,[Clark County Assessor Deed Search] -> https://www.clarkcountynv.gov/government/assessor/ ; [Clark County Assessor Parcel Record APN 124-19-810-085] -> https://maps.clarkcountynv.gov/assessor/AssessorParcelDetail/parcel.aspx?apn=12419810085
"6220 Hobart Ave, Las Vegas, NV 89107",Individual,Unknown Buyer,Unassigned,,,,,,,,,[Clark County Assessor Deed Search] -> https://www.clarkcountynv.gov/government/assessor/ ; [Clark County Assessor Parcel Record APN 138-26-712-059] -> https://maps.clarkcountynv.gov/assessor/AssessorParcelDetail/parcel.aspx?apn=13826712059
"1212 Pontiac Ave, North Las Vegas, NV 89030",Individual,Unknown Buyer,Unassigned,,,,,,,,,[Clark County Assessor Deed Search] -> https://www.clarkcountynv.gov/government/assessor/ ; [Clark County Assessor Parcel Record APN 139-16-812-010] -> https://maps.clarkcountynv.gov/assessor/AssessorParcelDetail/parcel.aspx?apn=13916812010
"2108 E Owens Ave, North Las Vegas, NV 89030",CASTLE LLC,"MORSE, ROBERT BERNARD EE",Active Managing Member,,,,,,,,,[NV SOS Filing: CASTLE LLC] -> https://esos.nv.gov/EntitySearch/OnlineEntitySearch | OpenCorporates: https://opencorporates.com/companies/us_nv?q=CASTLE%20LLC ; [Clark County Assessor Parcel Record APN 139-23-815-082] -> https://maps.clarkcountynv.gov/assessor/AssessorParcelDetail/parcel.aspx?apn=13923815082
"816 Singing Drum Dr, Henderson, NV 89002",Individual,Unknown Buyer,Unassigned,,,,,,,,,[Clark County Assessor Deed Search] -> https://www.clarkcountynv.gov/government/assessor/ ; [Clark County Assessor Parcel Record APN 179-28-412-009] -> https://maps.clarkcountynv.gov/assessor/AssessorParcelDetail/parcel.aspx?apn=17928412009
"1528 Kiwi Ln, Las Vegas, NV 89123",Individual,Unknown Buyer,Unassigned,,,,,,,,,[Clark County Assessor Deed Search] -> https://www.clarkcountynv.gov/government/assessor/ ; [Clark County Assessor Parcel Record APN 177-11-311-015] -> https://maps.clarkcountynv.gov/assessor/AssessorParcelDetail/parcel.aspx?apn=17711311015
"547 E Oakey Blvd, Las Vegas, NV 89104",Individual,Unknown Buyer,Unassigned,,,,,,,,,[Clark County Assessor Deed Search] -> https://www.clarkcountynv.gov/government/assessor/ ; [Clark County Assessor Parcel Record APN 162-03-213-023] -> https://maps.clarkcountynv.gov/assessor/AssessorParcelDetail/parcel.aspx?apn=16203213023
"3515 Kensbrook St, Las Vegas, NV 89121",Individual,Unknown Buyer,Unassigned,,,,,,,,,[Clark County Assessor Deed Search] -> https://www.clarkcountynv.gov/government/assessor/ ; [Clark County Assessor Parcel Record APN 162-13-612-004] -> https://maps.clarkcountynv.gov/assessor/AssessorParcelDetail/parcel.aspx?apn=16213612004
"2272 Jo Anne Ln, Las Vegas, NV 89156",Individual,Unknown Buyer,Unassigned,,,,,,,,,[Clark County Assessor Deed Search] -> https://www.clarkcountynv.gov/government/assessor/ ; [Clark County Assessor Parcel Record APN 140-21-510-253] -> https://maps.clarkcountynv.gov/assessor/AssessorParcelDetail/parcel.aspx?apn=14021510253
"6959 Forest Vista St, Las Vegas, NV 89147",Individual,Unknown Buyer,Unassigned,,,,,,,,,[Clark County Assessor Deed Search] -> https://www.clarkcountynv.gov/government/assessor/ ; [Clark County Assessor Parcel Record APN 163-22-619-024] -> https://maps.clarkcountynv.gov/assessor/AssessorParcelDetail/parcel.aspx?apn=16322619024
