Property Address,Owner Name,Phones,Emails
"1640 Divinity St, Las Vegas, NV 89142",Owner 1,,
"10299 Evening Primrose Ave, Las Vegas, NV 89135",Owner 1,"(831) 426-2674, (702) 804-9796","stel1a@aol.com, wheichel@msn.com, wmheichel@aol.com"
"10299 Evening Primrose Ave, Las Vegas, NV 89135",Owner 2,"(831) 426-2674, (702) 804-9796","stel1a@aol.com, wheichel@msn.com, wmheichel@aol.com"
"1640 Divinity St, Las Vegas, NV 89142",Owner 1,,
"10299 Evening Primrose Ave, Las Vegas, NV 89135",Owner 1,"(831) 426-2674, (702) 804-9796","wmheichel@aol.com, stel1a@aol.com, wheichel@msn.com"
"10299 Evening Primrose Ave, Las Vegas, NV 89135",Owner 2,"(831) 426-2674, (702) 804-9796","wmheichel@aol.com, stel1a@aol.com, wheichel@msn.com"
"4500 W Lake Mead Blvd #102, Las Vegas, NV 89108",Owner 1,,
"1640 Divinity St, Las Vegas, NV 89142",Owner 1,,
"10299 Evening Primrose Ave, Las Vegas, NV 89135",Owner 1,"(702) 804-9796, (831) 426-2674","wheichel@msn.com, stel1a@aol.com, wmheichel@aol.com"
"10299 Evening Primrose Ave, Las Vegas, NV 89135",Owner 2,"(702) 804-9796, (831) 426-2674","wheichel@msn.com, stel1a@aol.com, wmheichel@aol.com"
"4500 W Lake Mead Blvd #102, Las Vegas, NV 89108",Owner 1,,
"4500 W Lake Mead Blvd #102, Las Vegas, NV 89108",Owner 2,"(702) 804-9796, (831) 426-2674",
"1640 Divinity St, Las Vegas, NV 89142",Owner 1,,
"1640 Divinity St, Las Vegas, NV 89142",Owner 1,,
"10299 Evening Primrose Ave, Las Vegas, NV 89135",Owner 1,"(702) 804-9796, (831) 426-2674","wmheichel@aol.com, stel1a@aol.com, wheichel@msn.com"
"10299 Evening Primrose Ave, Las Vegas, NV 89135",Owner 2,"(702) 804-9796, (831) 426-2674","wmheichel@aol.com, stel1a@aol.com, wheichel@msn.com"
"1640 Divinity St, Las Vegas, NV 89142",Owner 1,,
"10299 Evening Primrose Ave, Las Vegas, NV 89135",Owner 1,"(702) 804-9796, (831) 426-2674","stel1a@aol.com, wmheichel@aol.com, wheichel@msn.com"
"10299 Evening Primrose Ave, Las Vegas, NV 89135",Owner 2,"(702) 804-9796, (831) 426-2674",
"4500 W Lake Mead Blvd #102, Las Vegas, NV 89108",Owner 1,"(702) 804-9796, (831) 426-2674","stel1a@aol.com, wmheichel@aol.com, wheichel@msn.com"
"1640 Divinity St, Las Vegas, NV 89142",Owner 1,,
"10299 Evening Primrose Ave, Las Vegas, NV 89135",Owner 1,,
"1640 Divinity St, Las Vegas, NV 89142",Owner 1,,
"10299 Evening Primrose Ave, Las Vegas, NV 89135",Owner 1,"(831) 426-2674, (702) 804-9796","wmheichel@aol.com, wheichel@msn.com, stel1a@aol.com"
"10299 Evening Primrose Ave, Las Vegas, NV 89135",Owner 2,"(831) 426-2674, (702) 804-9796",
"4500 W Lake Mead Blvd #102, Las Vegas, NV 89108",Owner 1,"(831) 426-2674, (702) 804-9796","wmheichel@aol.com, wheichel@msn.com, stel1a@aol.com"
"4500 W Lake Mead Blvd #102, Las Vegas, NV 89108",Owner 2,"(831) 426-2674, (702) 804-9796",
"10299 Evening Primrose Ave, Las Vegas, NV 89135",Owner 1,"(831) 426-2674, (702) 804-9796","wheichel@msn.com, stel1a@aol.com, wmheichel@aol.com"
"10299 Evening Primrose Ave, Las Vegas, NV 89135",Owner 2,"(831) 426-2674, (702) 804-9796","wheichel@msn.com, stel1a@aol.com, wmheichel@aol.com"
"10299 Evening Primrose Ave, Las Vegas, NV 89135",Owner 1,"(831) 426-2674, (702) 804-9796","stel1a@aol.com, wmheichel@aol.com, wheichel@msn.com"
"10299 Evening Primrose Ave, Las Vegas, NV 89135",Owner 2,"(831) 426-2674, (702) 804-9796","stel1a@aol.com, wmheichel@aol.com, wheichel@msn.com"
"10299 Evening Primrose Ave, Las Vegas, NV 89135",Owner 1,"(702) 804-9796, (831) 426-2674","wheichel@msn.com, wmheichel@aol.com, stel1a@aol.com"
"10299 Evening Primrose Ave, Las Vegas, NV 89135",Owner 2,"(702) 804-9796, (831) 426-2674","wheichel@msn.com, wmheichel@aol.com, stel1a@aol.com"
"10299 Evening Primrose Ave, Las Vegas, NV 89135",Owner 1,"(702) 804-9796, (831) 426-2674","wheichel@msn.com, wmheichel@aol.com, stel1a@aol.com"
"10299 Evening Primrose Ave, Las Vegas, NV 89135",Owner 2,"(702) 804-9796, (831) 426-2674","wheichel@msn.com, wmheichel@aol.com, stel1a@aol.com"
"10299 Evening Primrose Ave, Las Vegas, NV 89135",Owner 1,"(831) 426-2674, (702) 804-9796","stel1a@aol.com, wheichel@msn.com, wmheichel@aol.com"
"10299 Evening Primrose Ave, Las Vegas, NV 89135",Owner 2,"(831) 426-2674, (702) 804-9796","stel1a@aol.com, wheichel@msn.com, wmheichel@aol.com"
"10299 Evening Primrose Ave, Las Vegas, NV 89135",Owner 1,"(702) 804-9796, (831) 426-2674","wheichel@msn.com, wmheichel@aol.com, stel1a@aol.com"
"10299 Evening Primrose Ave, Las Vegas, NV 89135",Owner 2,"(702) 804-9796, (831) 426-2674","wheichel@msn.com, wmheichel@aol.com, stel1a@aol.com"
"10299 Evening Primrose Ave, Las Vegas, NV 89135",Owner 1,"(831) 426-2674, (702) 804-9796","stel1a@aol.com, wheichel@msn.com, wmheichel@aol.com"
"10299 Evening Primrose Ave, Las Vegas, NV 89135",Owner 2,"(831) 426-2674, (702) 804-9796","stel1a@aol.com, wheichel@msn.com, wmheichel@aol.com"
"10299 Evening Primrose Ave, Las Vegas, NV 89135",Owner 1,"(702) 804-9796, (831) 426-2674","wheichel@msn.com, stel1a@aol.com, wmheichel@aol.com"
"10299 Evening Primrose Ave, Las Vegas, NV 89135",Owner 2,"(702) 804-9796, (831) 426-2674","eiilan@aol.com, wheichel@msn.com, llheichel@aol.com"
"4500 W Lake Mead Blvd #102, Las Vegas, NV 89108",Owner 1,(831) 426-2674,"eiilan@aol.com, wheichel@msn.com, llheichel@aol.com"
"4500 W Lake Mead Blvd #102, Las Vegas, NV 89108",Owner 2,"(702) 804-9796, (831) 426-2674","wheichel@msn.com, stel1a@aol.com, wmheichel@aol.com"
"4417 Cool Valley Dr, Las Vegas, NV 89110",Owner 1,"(702) 804-9796, (831) 426-2674","wheichel@msn.com, stel1a@aol.com, wmheichel@aol.com"
"4417 Cool Valley Dr, Las Vegas, NV 89110",Owner 2,"(702) 804-9796, (831) 426-2674","eiilan@aol.com, wheichel@msn.com, llheichel@aol.com"
"4659 Monterey Cir Unit 1, Las Vegas, NV 89169",Owner 1,(831) 426-2674,"eiilan@aol.com, wheichel@msn.com, llheichel@aol.com"
"4659 Monterey Cir Unit 1, Las Vegas, NV 89169",Owner 2,"(702) 804-9796, (831) 426-2674","wheichel@msn.com, stel1a@aol.com, wmheichel@aol.com"
"10299 Evening Primrose Ave, Las Vegas, NV 89135",Owner 1,"(831) 426-2674, (702) 804-9796","wmheichel@aol.com, wheichel@msn.com, stel1a@aol.com"
"10299 Evening Primrose Ave, Las Vegas, NV 89135",Owner 2,"(831) 426-2674, (702) 804-9796","eiilan@aol.com, wheichel@msn.com, llheichel@aol.com"
"10299 Evening Primrose Ave, Las Vegas, NV 89135",Owner 1,"(831) 426-2674, (702) 804-9796","stel1a@aol.com, wheichel@msn.com, wmheichel@aol.com"
"10299 Evening Primrose Ave, Las Vegas, NV 89135",Owner 2,"(831) 426-2674, (702) 804-9796","eiilan@aol.com, wheichel@msn.com, llheichel@aol.com"
"4417 Cool Valley Dr, Las Vegas, NV 89110",Owner 1,(630) 303-3530,henry02kow@gmail.com
"4417 Cool Valley Dr, Las Vegas, NV 89110",Owner 2,"(702) 437-1910, (630) 303-3530",sterlp07@icloud.com
"4417 Cool Valley Dr, Las Vegas, NV 89110",Owner 3,"(401) 782-7092, (702) 437-1910","sterlp07@gmail.com, sterlp07@aol.com, sterlp2001@gmail.com"
"4417 Cool Valley Dr, Las Vegas, NV 89110",Owner 4,"(401) 782-7092, (702) 437-1910",
"10299 Evening Primrose Ave, Las Vegas, NV 89135",Owner 1,"(702) 804-9796, (831) 426-2674","wmheichel@aol.com, wheichel@msn.com, stel1a@aol.com"
"10299 Evening Primrose Ave, Las Vegas, NV 89135",Owner 2,"(702) 804-9796, (831) 426-2674","eiilan@aol.com, wheichel@msn.com, llheichel@aol.com"
"4417 Cool Valley Dr, Las Vegas, NV 89110",Owner 1,(630) 303-3530,henry02kow@gmail.com
"4417 Cool Valley Dr, Las Vegas, NV 89110",Owner 2,"(630) 303-3530, (702) 437-1910",sterlp07@icloud.com
"4417 Cool Valley Dr, Las Vegas, NV 89110",Owner 3,"(401) 782-7092, (702) 437-1910","sterlp07@gmail.com, sterlp2001@gmail.com, sterlp07@aol.com"
"4417 Cool Valley Dr, Las Vegas, NV 89110",Owner 4,"(401) 782-7092, (702) 437-1910",
"10299 Evening Primrose Ave, Las Vegas, NV 89135",Owner 1,"(702) 804-9796, (831) 426-2674","wmheichel@aol.com, wheichel@msn.com, stel1a@aol.com"
"10299 Evening Primrose Ave, Las Vegas, NV 89135",Owner 2,"(702) 804-9796, (831) 426-2674","llheichel@aol.com, eiilan@aol.com, wheichel@msn.com"
"10299 Evening Primrose Ave, Las Vegas, NV 89135",Owner 1,"(702) 804-9796, (831) 426-2674","wheichel@msn.com, stel1a@aol.com, wmheichel@aol.com"
"10299 Evening Primrose Ave, Las Vegas, NV 89135",Owner 2,"(702) 804-9796, (831) 426-2674","eiilan@aol.com, wheichel@msn.com, llheichel@aol.com"
"10299 Evening Primrose Ave, Las Vegas, NV 89135",Owner 1,"(831) 426-2674, (702) 804-9796","wmheichel@aol.com, wheichel@msn.com, stel1a@aol.com"
"10299 Evening Primrose Ave, Las Vegas, NV 89135",Owner 2,"(831) 426-2674, (702) 804-9796","eiilan@aol.com, llheichel@aol.com, wheichel@msn.com"
"10299 Evening Primrose Ave, Las Vegas, NV 89135",Owner 1,"(702) 804-9796, (831) 426-2674","stel1a@aol.com, wmheichel@aol.com, wheichel@msn.com"
"10299 Evening Primrose Ave, Las Vegas, NV 89135",Owner 2,"(702) 804-9796, (831) 426-2674","llheichel@aol.com, wheichel@msn.com, eiilan@aol.com"
"10299 Evening Primrose Ave, Las Vegas, NV 89135",Owner 1,"(831) 426-2674, (702) 804-9796","wmheichel@aol.com, wheichel@msn.com, stel1a@aol.com"
"10299 Evening Primrose Ave, Las Vegas, NV 89135",Owner 2,"(831) 426-2674, (702) 804-9796","llheichel@aol.com, wheichel@msn.com, eiilan@aol.com"
"10299 Evening Primrose Ave, Las Vegas, NV 89135",Owner 1,"(831) 426-2674, (702) 804-9796","wmheichel@aol.com, wheichel@msn.com, stel1a@aol.com"
"10299 Evening Primrose Ave, Las Vegas, NV 89135",Owner 2,"(831) 426-2674, (702) 804-9796","eiilan@aol.com, wheichel@msn.com, llheichel@aol.com"
"10299 Evening Primrose Ave, Las Vegas, NV 89135",Owner 1,"(702) 804-9796, (831) 426-2674","wmheichel@aol.com, wheichel@msn.com, stel1a@aol.com"
"10299 Evening Primrose Ave, Las Vegas, NV 89135",Owner 2,"(702) 804-9796, (831) 426-2674","llheichel@aol.com, wheichel@msn.com, eiilan@aol.com"
"10299 Evening Primrose Ave, Las Vegas, NV 89135",Owner 1,"(702) 804-9796, (831) 426-2674","wheichel@msn.com, wmheichel@aol.com, stel1a@aol.com"
"10299 Evening Primrose Ave, Las Vegas, NV 89135",Owner 2,"(702) 804-9796, (831) 426-2674","wheichel@msn.com, llheichel@aol.com, eiilan@aol.com"
"4500 W Lake Mead Blvd #102, Las Vegas, NV 89108",Owner 1,(702) 631-1272,mary.wheeler@qwest.net
"4500 W Lake Mead Blvd #102, Las Vegas, NV 89108",Owner 2,"(702) 631-1272, (586) 443-3858","larrystanger@netzero.net, larrystanger@gmail.com, lstanger@invergroveheights.org"
"4417 Cool Valley Dr, Las Vegas, NV 89110",Owner 1,(630) 303-3530,henry02kow@gmail.com
"4417 Cool Valley Dr, Las Vegas, NV 89110",Owner 2,"(702) 437-1910, (630) 303-3530",sterlp07@icloud.com
"4417 Cool Valley Dr, Las Vegas, NV 89110",Owner 3,"(702) 437-1910, (401) 782-7092","sterlp07@gmail.com, sterlp2001@gmail.com, sterlp07@aol.com"
"4417 Cool Valley Dr, Las Vegas, NV 89110",Owner 4,"(702) 437-1910, (401) 782-7092",
"10299 Evening Primrose Ave, Las Vegas, NV 89135",Owner 1,"(702) 804-9796, (831) 426-2674","wmheichel@aol.com, wheichel@msn.com, stel1a@aol.com"
"10299 Evening Primrose Ave, Las Vegas, NV 89135",Owner 2,"(702) 804-9796, (831) 426-2674","eiilan@aol.com, llheichel@aol.com, wheichel@msn.com"
"4500 W Lake Mead Blvd #102, Las Vegas, NV 89108",Owner 1,(702) 631-1272,mary.wheeler@qwest.net
"4500 W Lake Mead Blvd #102, Las Vegas, NV 89108",Owner 2,"(702) 631-1272, (586) 443-3858","larrystanger@netzero.net, larrystanger@gmail.com, lstanger@invergroveheights.org"
"4417 Cool Valley Dr, Las Vegas, NV 89110",Owner 1,(630) 303-3530,henry02kow@gmail.com
"4417 Cool Valley Dr, Las Vegas, NV 89110",Owner 2,"(702) 437-1910, (630) 303-3530",sterlp07@icloud.com
"4417 Cool Valley Dr, Las Vegas, NV 89110",Owner 3,"(702) 437-1910, (401) 782-7092","sterlp07@aol.com, sterlp07@gmail.com, sterlp2001@gmail.com"
"4417 Cool Valley Dr, Las Vegas, NV 89110",Owner 4,"(702) 437-1910, (401) 782-7092",
"10299 Evening Primrose Ave, Las Vegas, NV 89135",Owner 1,"(702) 804-9796, (831) 426-2674","wheichel@msn.com, wmheichel@aol.com, stel1a@aol.com"
"10299 Evening Primrose Ave, Las Vegas, NV 89135",Owner 2,"(702) 804-9796, (831) 426-2674","llheichel@aol.com, wheichel@msn.com, eiilan@aol.com"
"4500 W Lake Mead Blvd #102, Las Vegas, NV 89108",Owner 1,(702) 631-1272,mary.wheeler@qwest.net
"4500 W Lake Mead Blvd #102, Las Vegas, NV 89108",Owner 2,"(586) 443-3858, (702) 631-1272","larrystanger@gmail.com, lstanger@invergroveheights.org, larrystanger@netzero.net"
"4417 Cool Valley Dr, Las Vegas, NV 89110",Owner 1,(630) 303-3530,henry02kow@gmail.com
"4417 Cool Valley Dr, Las Vegas, NV 89110",Owner 2,"(630) 303-3530, (702) 437-1910",sterlp07@icloud.com
"4417 Cool Valley Dr, Las Vegas, NV 89110",Owner 3,"(702) 437-1910, (401) 782-7092","sterlp07@gmail.com, sterlp07@aol.com, sterlp2001@gmail.com"
"4417 Cool Valley Dr, Las Vegas, NV 89110",Owner 4,"(702) 437-1910, (401) 782-7092",
"10299 Evening Primrose Ave, Las Vegas, NV 89135",Owner 1,"(831) 426-2674, (702) 804-9796","wmheichel@aol.com, stel1a@aol.com, wheichel@msn.com"
"10299 Evening Primrose Ave, Las Vegas, NV 89135",Owner 2,"(831) 426-2674, (702) 804-9796","eiilan@aol.com, llheichel@aol.com, wheichel@msn.com"
"4500 W Lake Mead Blvd #102, Las Vegas, NV 89108",Owner 1,(702) 631-1272,mary.wheeler@qwest.net
"4500 W Lake Mead Blvd #102, Las Vegas, NV 89108",Owner 2,"(702) 631-1272, (586) 443-3858","larrystanger@gmail.com, larrystanger@netzero.net, lstanger@invergroveheights.org"
"4417 Cool Valley Dr, Las Vegas, NV 89110",Owner 1,(630) 303-3530,henry02kow@gmail.com
"4417 Cool Valley Dr, Las Vegas, NV 89110",Owner 2,"(630) 303-3530, (702) 437-1910",sterlp07@icloud.com
"4417 Cool Valley Dr, Las Vegas, NV 89110",Owner 3,"(702) 437-1910, (401) 782-7092","sterlp2001@gmail.com, sterlp07@gmail.com, sterlp07@aol.com"
"4417 Cool Valley Dr, Las Vegas, NV 89110",Owner 4,"(702) 437-1910, (401) 782-7092",
"10299 Evening Primrose Ave, Las Vegas, NV 89135",Owner 1,"(831) 426-2674, (702) 804-9796","wheichel@msn.com, wmheichel@aol.com, stel1a@aol.com"
"10299 Evening Primrose Ave, Las Vegas, NV 89135",Owner 2,"(831) 426-2674, (702) 804-9796","wheichel@msn.com, llheichel@aol.com, eiilan@aol.com"
"4500 W Lake Mead Blvd #102, Las Vegas, NV 89108",Owner 1,(702) 631-1272,mary.wheeler@qwest.net
"4500 W Lake Mead Blvd #102, Las Vegas, NV 89108",Owner 2,"(702) 631-1272, (586) 443-3858","larrystanger@gmail.com, lstanger@invergroveheights.org, larrystanger@netzero.net"
"4417 Cool Valley Dr, Las Vegas, NV 89110",Owner 1,(630) 303-3530,henry02kow@gmail.com
"4417 Cool Valley Dr, Las Vegas, NV 89110",Owner 2,"(630) 303-3530, (702) 437-1910",sterlp07@icloud.com
"4417 Cool Valley Dr, Las Vegas, NV 89110",Owner 3,"(702) 437-1910, (401) 782-7092","sterlp2001@gmail.com, sterlp07@gmail.com, sterlp07@aol.com"
"4417 Cool Valley Dr, Las Vegas, NV 89110",Owner 4,"(702) 437-1910, (401) 782-7092",
